table_name,column_name,type,nullable,default
alembic_version,version_num,VARCHAR(32),False,
app_user,id,UUID,False,gen_random_uuid()
app_user,username,TEXT,False,
app_user,email,TEXT,False,
app_user,password_hash,TEXT,False,
app_user,full_name,TEXT,True,
app_user,is_active,BOOLEAN,False,true
app_user,created_at,TIMESTAMP,False,now()
app_user,updated_at,TIMESTAMP,False,now()
app_user,mfa_enabled,BOOLEAN,False,false
app_user,mfa_confirmed_at,TIMESTAMP,True,
app_user,mfa_method,VARCHAR,True,'none'::character varying
app_user,user_type,VARCHAR,False,'guardian'::character varying
app_user,professional_card_number,VARCHAR,True,
app_user,failed_login_attempts,INTEGER,False,0
app_user,last_failed_login_at,TIMESTAMP,True,
app_user,login_locked_until,TIMESTAMP,True,
app_user,password_changed_at,TIMESTAMP,True,
app_user,colpsic_verified,BOOLEAN,False,false
app_user,colpsic_verified_at,TIMESTAMP,True,
app_user,colpsic_verified_by,UUID,True,
app_user,colpsic_rejected_at,TIMESTAMP,True,
app_user,colpsic_rejected_by,UUID,True,
app_user,colpsic_reject_reason,TEXT,True,
app_user,sessions_revoked_at,TIMESTAMP,True,
audit_log,id,UUID,False,gen_random_uuid()
audit_log,user_id,UUID,True,
audit_log,action,TEXT,False,
audit_log,section,TEXT,False,
audit_log,details,JSONB,True,
audit_log,created_at,TIMESTAMP,False,now()
dashboard_aggregates,id,UUID,False,
dashboard_aggregates,aggregate_key,VARCHAR(120),False,
dashboard_aggregates,period_start,DATE,False,
dashboard_aggregates,period_end,DATE,False,
dashboard_aggregates,value_numeric,DOUBLE PRECISION,True,
dashboard_aggregates,value_json,JSON,True,
dashboard_aggregates,computed_at,TIMESTAMP,False,now()
dashboard_aggregates,created_at,TIMESTAMP,False,now()
diagnostic_threshold,id,UUID,False,gen_random_uuid()
diagnostic_threshold,disorder_id,UUID,False,
diagnostic_threshold,ml_model_version_id,UUID,False,
diagnostic_threshold,threshold_value,"NUMERIC(5, 4)",False,
diagnostic_threshold,created_by_user_id,UUID,False,
diagnostic_threshold,created_at,TIMESTAMP,False,now()
diagnostic_threshold,is_active,BOOLEAN,False,true
diagnostic_threshold,updated_at,TIMESTAMP,True,now()
disorder,id,UUID,False,gen_random_uuid()
disorder,code,TEXT,False,
disorder,name,TEXT,False,
disorder,dsm_code,TEXT,True,
disorder,description,TEXT,True,
disorder,is_active,BOOLEAN,False,true
disorder,created_at,TIMESTAMP,True,now()
disorder,updated_at,TIMESTAMP,True,now()
email_delivery_log,id,UUID,False,
email_delivery_log,template,TEXT,False,
email_delivery_log,recipient_email,TEXT,False,
email_delivery_log,subject,TEXT,False,
email_delivery_log,status,TEXT,False,
email_delivery_log,error_message,TEXT,True,
email_delivery_log,created_at,TIMESTAMP,False,now()
email_delivery_log,sent_at,TIMESTAMP,True,
email_log,id,UUID,False,gen_random_uuid()
email_log,evaluation_report_id,UUID,False,
email_log,recipient_email,TEXT,False,
email_log,sent_at,TIMESTAMP,True,
email_log,status,TEXT,False,
email_log,error_message,TEXT,True,
email_log,created_at,TIMESTAMP,True,now()
email_log,updated_at,TIMESTAMP,True,now()
email_unsubscribe,id,UUID,False,
email_unsubscribe,email,VARCHAR,False,
email_unsubscribe,reason,TEXT,True,
email_unsubscribe,source,VARCHAR,True,
email_unsubscribe,request_ip,VARCHAR,True,
email_unsubscribe,user_agent,VARCHAR,True,
email_unsubscribe,unsubscribed_at,TIMESTAMP,False,now()
email_unsubscribe,created_at,TIMESTAMP,False,now()
email_unsubscribe,updated_at,TIMESTAMP,False,now()
evaluation,id,UUID,False,gen_random_uuid()
evaluation,subject_id,UUID,True,
evaluation,requested_by_user_id,UUID,False,
evaluation,psychologist_id,UUID,True,
evaluation,age_at_evaluation,INTEGER,False,
evaluation,context,TEXT,True,
evaluation,raw_symptoms,JSONB,True,
evaluation,processed_features,JSONB,True,
evaluation,evaluation_date,DATE,False,
evaluation,status,TEXT,False,
evaluation,is_anonymous,BOOLEAN,False,true
evaluation,created_at,TIMESTAMP,True,now()
evaluation,updated_at,TIMESTAMP,True,now()
evaluation,registration_number,TEXT,False,
evaluation,access_key_hash,TEXT,False,
evaluation,access_key_created_at,TIMESTAMP,False,now()
evaluation,access_key_rotated_at,TIMESTAMP,True,
evaluation,access_key_failed_attempts,INTEGER,False,0
evaluation,access_key_locked_until,TIMESTAMP,True,
evaluation,requires_access_key_reset,BOOLEAN,False,true
evaluation,questionnaire_template_id,UUID,False,
evaluation_prediction,id,UUID,False,gen_random_uuid()
evaluation_prediction,evaluation_id,UUID,False,
evaluation_prediction,ml_model_version_id,UUID,False,
evaluation_prediction,predicted_at,TIMESTAMP,False,
evaluation_prediction,overall_risk_score,"NUMERIC(5, 4)",True,
evaluation_prediction,diagnostic_json,JSONB,True,
evaluation_prediction,explanation_json,JSONB,True,
evaluation_prediction,created_at,TIMESTAMP,True,now()
evaluation_prediction,updated_at,TIMESTAMP,True,now()
evaluation_prediction_detail,id,UUID,False,gen_random_uuid()
evaluation_prediction_detail,evaluation_prediction_id,UUID,False,
evaluation_prediction_detail,disorder_id,UUID,False,
evaluation_prediction_detail,probability,"NUMERIC(5, 4)",False,
evaluation_prediction_detail,label,TEXT,False,
evaluation_prediction_detail,risk_level,TEXT,False,
evaluation_prediction_detail,threshold_value,"NUMERIC(5, 4)",False,
evaluation_prediction_detail,created_at,TIMESTAMP,True,now()
evaluation_prediction_detail,updated_at,TIMESTAMP,True,now()
evaluation_report,id,UUID,False,gen_random_uuid()
evaluation_report,evaluation_id,UUID,False,
evaluation_report,type,TEXT,False,
evaluation_report,file_path,TEXT,False,
evaluation_report,created_at,TIMESTAMP,False,now()
evaluation_report,created_by_user_id,UUID,True,
evaluation_report,updated_at,TIMESTAMP,True,now()
evaluation_response,evaluation_id,UUID,False,
evaluation_response,question_id,UUID,False,
evaluation_response,value,TEXT,False,
evaluation_response,created_at,TIMESTAMP,True,now()
evaluation_response,updated_at,TIMESTAMP,True,now()
generated_reports,id,UUID,False,
generated_reports,report_job_id,UUID,True,
generated_reports,report_type,VARCHAR(120),False,
generated_reports,file_path,VARCHAR(512),False,
generated_reports,file_format,VARCHAR(40),False,'pdf'::character varying
generated_reports,metadata_json,JSON,True,
generated_reports,created_at,TIMESTAMP,False,now()
mfa_login_challenge,id,UUID,False,
mfa_login_challenge,user_id,UUID,False,
mfa_login_challenge,expires_at,TIMESTAMP,False,
mfa_login_challenge,used_at,TIMESTAMP,True,
mfa_login_challenge,ip_address,VARCHAR,True,
mfa_login_challenge,user_agent,VARCHAR,True,
mfa_login_challenge,created_at,TIMESTAMP,True,now()
ml_model,id,UUID,False,gen_random_uuid()
ml_model,name,TEXT,False,
ml_model,algorithm,TEXT,False,
ml_model,description,TEXT,True,
ml_model,created_at,TIMESTAMP,True,now()
ml_model,updated_at,TIMESTAMP,True,now()
ml_model_version,id,UUID,False,gen_random_uuid()
ml_model_version,ml_model_id,UUID,False,
ml_model_version,version_tag,TEXT,False,
ml_model_version,trained_at,TIMESTAMP,True,
ml_model_version,trained_by_user_id,UUID,True,
ml_model_version,metrics,JSONB,True,
ml_model_version,model_artifact_path,TEXT,False,
ml_model_version,is_active,BOOLEAN,False,false
ml_model_version,notes,TEXT,True,
ml_model_version,created_at,TIMESTAMP,True,now()
ml_model_version,updated_at,TIMESTAMP,True,now()
model_artifact_registry,id,UUID,False,
model_artifact_registry,model_version_id,UUID,False,
model_artifact_registry,artifact_kind,VARCHAR(64),False,
model_artifact_registry,artifact_locator,VARCHAR(512),False,
model_artifact_registry,checksum,VARCHAR(128),True,
model_artifact_registry,is_available,BOOLEAN,False,true
model_artifact_registry,metadata_json,JSON,True,
model_artifact_registry,created_at,TIMESTAMP,False,now()
model_artifact_registry,updated_at,TIMESTAMP,False,now()
model_confidence_registry,id,UUID,False,
model_confidence_registry,activation_id,UUID,False,
model_confidence_registry,confidence_pct,DOUBLE PRECISION,True,
model_confidence_registry,confidence_band,VARCHAR(64),True,
model_confidence_registry,operational_class,VARCHAR(120),True,
model_confidence_registry,recommended_for_default_use,BOOLEAN,False,false
model_confidence_registry,notes,TEXT,True,
model_confidence_registry,created_at,TIMESTAMP,False,now()
model_confidence_registry,updated_at,TIMESTAMP,False,now()
model_metrics_snapshot,id,UUID,False,
model_metrics_snapshot,model_version_id,UUID,False,
model_metrics_snapshot,precision,DOUBLE PRECISION,True,
model_metrics_snapshot,recall,DOUBLE PRECISION,True,
model_metrics_snapshot,specificity,DOUBLE PRECISION,True,
model_metrics_snapshot,balanced_accuracy,DOUBLE PRECISION,True,
model_metrics_snapshot,f1,DOUBLE PRECISION,True,
model_metrics_snapshot,roc_auc,DOUBLE PRECISION,True,
model_metrics_snapshot,pr_auc,DOUBLE PRECISION,True,
model_metrics_snapshot,brier,DOUBLE PRECISION,True,
model_metrics_snapshot,overfit_flag,VARCHAR(32),True,
model_metrics_snapshot,generalization_flag,VARCHAR(32),True,
model_metrics_snapshot,dataset_ease_flag,VARCHAR(32),True,
model_metrics_snapshot,quality_label,VARCHAR(64),True,
model_metrics_snapshot,metrics_json,JSON,True,
model_metrics_snapshot,captured_at,TIMESTAMP,False,now()
model_mode_domain_activation,id,UUID,False,
model_mode_domain_activation,domain,VARCHAR(64),False,
model_mode_domain_activation,mode_key,VARCHAR(64),False,
model_mode_domain_activation,role,VARCHAR(40),False,
model_mode_domain_activation,model_registry_id,UUID,False,
model_mode_domain_activation,model_version_id,UUID,False,
model_mode_domain_activation,active_flag,BOOLEAN,False,true
model_mode_domain_activation,source_campaign,VARCHAR(120),True,
model_mode_domain_activation,valid_from,TIMESTAMP,False,now()
model_mode_domain_activation,valid_to,TIMESTAMP,True,
model_mode_domain_activation,created_at,TIMESTAMP,False,now()
model_mode_domain_activation,updated_at,TIMESTAMP,False,now()
model_monitoring_snapshots,id,UUID,False,
model_monitoring_snapshots,snapshot_at,TIMESTAMP,False,now()
model_monitoring_snapshots,domain,VARCHAR(64),False,
model_monitoring_snapshots,mode_key,VARCHAR(64),False,
model_monitoring_snapshots,samples_count,INTEGER,True,
model_monitoring_snapshots,mean_probability,DOUBLE PRECISION,True,
model_monitoring_snapshots,alert_rate,DOUBLE PRECISION,True,
model_monitoring_snapshots,drift_score,DOUBLE PRECISION,True,
model_monitoring_snapshots,calibration_error,DOUBLE PRECISION,True,
model_monitoring_snapshots,equity_gap,DOUBLE PRECISION,True,
model_monitoring_snapshots,payload_json,JSON,True,
model_monitoring_snapshots,created_at,TIMESTAMP,False,now()
model_operational_caveats,id,UUID,False,
model_operational_caveats,activation_id,UUID,False,
model_operational_caveats,caveat,TEXT,False,
model_operational_caveats,severity,VARCHAR(40),False,'medium'::character varying
model_operational_caveats,is_blocking,BOOLEAN,False,false
model_operational_caveats,created_at,TIMESTAMP,False,now()
model_operational_caveats,updated_at,TIMESTAMP,False,now()
model_registry,id,UUID,False,
model_registry,model_key,VARCHAR(255),False,
model_registry,domain,VARCHAR(64),False,
model_registry,mode_key,VARCHAR(64),False,
model_registry,role,VARCHAR(40),False,
model_registry,source_line,VARCHAR(120),True,
model_registry,source_campaign,VARCHAR(120),True,
model_registry,model_family,VARCHAR(120),True,
model_registry,feature_set_id,VARCHAR(160),True,
model_registry,config_id,VARCHAR(160),True,
model_registry,is_active,BOOLEAN,False,true
model_registry,valid_from,TIMESTAMP,False,now()
model_registry,valid_to,TIMESTAMP,True,
model_registry,created_at,TIMESTAMP,False,now()
model_registry,updated_at,TIMESTAMP,False,now()
model_versions,id,UUID,False,
model_versions,model_registry_id,UUID,False,
model_versions,model_version_tag,VARCHAR(128),False,
model_versions,artifact_path,VARCHAR(512),True,
model_versions,fallback_artifact_path,VARCHAR(512),True,
model_versions,checksum,VARCHAR(128),True,
model_versions,calibration,VARCHAR(120),True,
model_versions,threshold_policy,VARCHAR(120),True,
model_versions,threshold,DOUBLE PRECISION,True,
model_versions,seed,VARCHAR(40),True,
model_versions,n_features,INTEGER,True,
model_versions,metadata_json,JSON,True,
model_versions,is_active,BOOLEAN,False,true
model_versions,created_at,TIMESTAMP,False,now()
model_versions,updated_at,TIMESTAMP,False,now()
password_reset_token,id,UUID,False,
password_reset_token,user_id,UUID,False,
password_reset_token,token_hash,VARCHAR,False,
password_reset_token,expires_at,TIMESTAMP,False,
password_reset_token,used_at,TIMESTAMP,True,
password_reset_token,request_ip,VARCHAR,True,
password_reset_token,user_agent,VARCHAR,True,
password_reset_token,created_at,TIMESTAMP,False,now()
problem_report_attachments,id,UUID,False,
problem_report_attachments,report_id,UUID,False,
problem_report_attachments,storage_kind,VARCHAR(40),False,'local'::character varying
problem_report_attachments,file_path,VARCHAR(512),False,
problem_report_attachments,original_filename,VARCHAR(255),False,
problem_report_attachments,mime_type,VARCHAR(120),True,
problem_report_attachments,size_bytes,BIGINT,False,
problem_report_attachments,checksum_sha256,VARCHAR(64),False,
problem_report_attachments,metadata_json,JSON,True,
problem_report_attachments,created_at,TIMESTAMP,False,now()
problem_report_audit_events,id,UUID,False,
problem_report_audit_events,report_id,UUID,False,
problem_report_audit_events,actor_user_id,UUID,True,
problem_report_audit_events,event_type,VARCHAR(120),False,
problem_report_audit_events,payload_json,JSON,True,
problem_report_audit_events,created_at,TIMESTAMP,False,now()
problem_reports,id,UUID,False,
problem_reports,report_code,VARCHAR(24),False,
problem_reports,reporter_user_id,UUID,False,
problem_reports,reporter_role,VARCHAR(64),False,
problem_reports,issue_type,VARCHAR(80),False,
problem_reports,description,TEXT,False,
problem_reports,source_module,VARCHAR(120),True,
problem_reports,source_path,VARCHAR(255),True,
problem_reports,related_questionnaire_session_id,UUID,True,
problem_reports,related_questionnaire_history_id,VARCHAR(64),True,
problem_reports,status,VARCHAR(40),False,'open'::character varying
problem_reports,admin_notes,TEXT,True,
problem_reports,resolved_at,TIMESTAMP,True,
problem_reports,attachment_count,INTEGER,False,0
problem_reports,metadata_json,JSON,True,
problem_reports,created_at,TIMESTAMP,False,now()
problem_reports,updated_at,TIMESTAMP,False,now()
psychologist_feedback,id,UUID,False,gen_random_uuid()
psychologist_feedback,evaluation_id,UUID,False,
psychologist_feedback,psychologist_id,UUID,False,
psychologist_feedback,agrees_with_model,BOOLEAN,False,
psychologist_feedback,final_diagnosis_json,JSONB,True,
psychologist_feedback,comments,TEXT,True,
psychologist_feedback,created_at,TIMESTAMP,False,now()
psychologist_feedback,updated_at,TIMESTAMP,True,now()
qr_disclosure_version,id,UUID,False,
qr_disclosure_version,questionnaire_version_id,UUID,False,
qr_disclosure_version,disclosure_type,VARCHAR(40),False,
qr_disclosure_version,version_label,VARCHAR(64),False,
qr_disclosure_version,title,VARCHAR(255),False,
qr_disclosure_version,content_markdown,TEXT,False,
qr_disclosure_version,is_active,BOOLEAN,False,true
qr_disclosure_version,created_by_user_id,UUID,True,
qr_disclosure_version,created_at,TIMESTAMP,False,now()
qr_disclosure_version,updated_at,TIMESTAMP,False,now()
qr_domain_result,id,UUID,False,
qr_domain_result,evaluation_id,UUID,False,
qr_domain_result,domain,VARCHAR(40),False,
qr_domain_result,model_name,VARCHAR(120),False,
qr_domain_result,model_version,VARCHAR(120),False,
qr_domain_result,model_status,VARCHAR(120),False,
qr_domain_result,probability,"NUMERIC(8, 6)",False,
qr_domain_result,threshold_used,"NUMERIC(8, 6)",False,
qr_domain_result,risk_band,VARCHAR(40),False,
qr_domain_result,confidence_level,VARCHAR(40),False,
qr_domain_result,evidence_level,VARCHAR(40),False,
qr_domain_result,uncertainty_flag,BOOLEAN,False,false
qr_domain_result,abstention_flag,BOOLEAN,False,false
qr_domain_result,recommendation_text,TEXT,False,
qr_domain_result,explanation_short,TEXT,False,
qr_domain_result,contributors_json,JSON,True,
qr_domain_result,caveats_json,JSON,True,
qr_domain_result,created_at,TIMESTAMP,False,now()
qr_domain_result,updated_at,TIMESTAMP,False,now()
qr_evaluation,id,UUID,False,
qr_evaluation,questionnaire_version_id,UUID,False,
qr_evaluation,requested_by_user_id,UUID,False,
qr_evaluation,psychologist_user_id,UUID,True,
qr_evaluation,respondent_type,VARCHAR(40),False,'caregiver'::character varying
qr_evaluation,child_age_years,INTEGER,False,
qr_evaluation,child_sex_assigned_at_birth,VARCHAR(32),False,'Unknown'::character varying
qr_evaluation,status,VARCHAR(40),False,'draft'::character varying
qr_evaluation,review_tag,VARCHAR(40),False,'sin_revisar'::character varying
qr_evaluation,deleted_by_user,BOOLEAN,False,false
qr_evaluation,deleted_at,TIMESTAMP,True,
qr_evaluation,reference_id,VARCHAR(24),False,
qr_evaluation,pin_hash,VARCHAR(255),False,
qr_evaluation,pin_failed_attempts,INTEGER,False,0
qr_evaluation,pin_locked_until,TIMESTAMP,True,
qr_evaluation,consent_disclosure_id,UUID,False,
qr_evaluation,pre_disclaimer_id,UUID,False,
qr_evaluation,result_disclaimer_id,UUID,False,
qr_evaluation,pdf_disclaimer_id,UUID,False,
qr_evaluation,consent_accepted_at,TIMESTAMP,True,
qr_evaluation,runtime_scope_version,VARCHAR(64),False,'questionnaire_runtime_v1'::character varying
qr_evaluation,model_runtime_bundle,VARCHAR(120),False,'qr_runtime_bundle_v1'::character varying
qr_evaluation,processing_attempts,INTEGER,False,0
qr_evaluation,processing_error,TEXT,True,
qr_evaluation,processing_started_at,TIMESTAMP,True,
qr_evaluation,processing_finished_at,TIMESTAMP,True,
qr_evaluation,is_waiting_live_result,BOOLEAN,False,true
qr_evaluation,last_presence_heartbeat_at,TIMESTAMP,True,
qr_evaluation,notify_if_user_offline,BOOLEAN,False,true
qr_evaluation,retention_until,TIMESTAMP,False,
qr_evaluation,created_at,TIMESTAMP,False,now()
qr_evaluation,updated_at,TIMESTAMP,False,now()
qr_evaluation_response,id,UUID,False,
qr_evaluation_response,evaluation_id,UUID,False,
qr_evaluation_response,question_id,UUID,False,
qr_evaluation_response,section_id,UUID,False,
qr_evaluation_response,answer_raw,JSON,False,
qr_evaluation_response,answer_normalized,TEXT,False,
qr_evaluation_response,answered_at,TIMESTAMP,False,now()
qr_evaluation_response,updated_at,TIMESTAMP,False,now()
qr_export_log,id,UUID,False,
qr_export_log,evaluation_id,UUID,False,
qr_export_log,requested_by_user_id,UUID,False,
qr_export_log,export_mode,VARCHAR(40),False,
qr_export_log,export_format,VARCHAR(40),False,'json'::character varying
qr_export_log,created_at,TIMESTAMP,False,now()
qr_notification,id,UUID,False,
qr_notification,user_id,UUID,False,
qr_notification,evaluation_id,UUID,False,
qr_notification,notification_type,VARCHAR(60),False,
qr_notification,title,VARCHAR(255),False,
qr_notification,body,TEXT,False,
qr_notification,payload_json,JSON,True,
qr_notification,is_read,BOOLEAN,False,false
qr_notification,read_at,TIMESTAMP,True,
qr_notification,expires_at,TIMESTAMP,True,
qr_notification,created_at,TIMESTAMP,False,now()
qr_notification,updated_at,TIMESTAMP,False,now()
qr_processing_job,id,UUID,False,
qr_processing_job,evaluation_id,UUID,False,
qr_processing_job,status,VARCHAR(40),False,'queued'::character varying
qr_processing_job,attempt_count,INTEGER,False,0
qr_processing_job,last_error,TEXT,True,
qr_processing_job,enqueued_at,TIMESTAMP,False,now()
qr_processing_job,started_at,TIMESTAMP,True,
qr_processing_job,finished_at,TIMESTAMP,True,
qr_processing_job,updated_at,TIMESTAMP,False,now()
qr_question,id,UUID,False,
qr_question,section_id,UUID,False,
qr_question,key,VARCHAR(150),False,
qr_question,feature_key,VARCHAR(150),False,
qr_question,domain,VARCHAR(40),False,'general'::character varying
qr_question,prompt,TEXT,False,
qr_question,help_text,TEXT,True,
qr_question,response_type,VARCHAR(40),False,
qr_question,requiredness,VARCHAR(20),False,'required'::character varying
qr_question,position,INTEGER,False,
qr_question,min_value,DOUBLE PRECISION,True,
qr_question,max_value,DOUBLE PRECISION,True,
qr_question,step_value,DOUBLE PRECISION,True,
qr_question,allowed_values,JSON,True,
qr_question,visibility_rule,JSON,True,
qr_question,is_active,BOOLEAN,False,true
qr_question,created_at,TIMESTAMP,False,now()
qr_question,updated_at,TIMESTAMP,False,now()
qr_question_option,id,UUID,False,
qr_question_option,question_id,UUID,False,
qr_question_option,option_value,VARCHAR(120),False,
qr_question_option,option_label,VARCHAR(255),False,
qr_question_option,position,INTEGER,False,1
qr_question_option,created_at,TIMESTAMP,False,now()
qr_question_option,updated_at,TIMESTAMP,False,now()
qr_questionnaire_section,id,UUID,False,
qr_questionnaire_section,questionnaire_version_id,UUID,False,
qr_questionnaire_section,key,VARCHAR(120),False,
qr_questionnaire_section,title,VARCHAR(255),False,
qr_questionnaire_section,description,TEXT,True,
qr_questionnaire_section,position,INTEGER,False,
qr_questionnaire_section,is_required,BOOLEAN,False,true
qr_questionnaire_section,created_at,TIMESTAMP,False,now()
qr_questionnaire_section,updated_at,TIMESTAMP,False,now()
qr_questionnaire_template,id,UUID,False,
qr_questionnaire_template,slug,VARCHAR(120),False,
qr_questionnaire_template,name,VARCHAR(255),False,
qr_questionnaire_template,description,TEXT,True,
qr_questionnaire_template,is_active,BOOLEAN,False,true
qr_questionnaire_template,created_by_user_id,UUID,True,
qr_questionnaire_template,created_at,TIMESTAMP,False,now()
qr_questionnaire_template,updated_at,TIMESTAMP,False,now()
qr_questionnaire_version,id,UUID,False,
qr_questionnaire_version,template_id,UUID,False,
qr_questionnaire_version,version_label,VARCHAR(64),False,
qr_questionnaire_version,changelog,TEXT,True,
qr_questionnaire_version,status,VARCHAR(32),False,'draft'::character varying
qr_questionnaire_version,is_published,BOOLEAN,False,false
qr_questionnaire_version,published_at,TIMESTAMP,True,
qr_questionnaire_version,created_by_user_id,UUID,True,
qr_questionnaire_version,created_at,TIMESTAMP,False,now()
qr_questionnaire_version,updated_at,TIMESTAMP,False,now()
question,id,UUID,False,gen_random_uuid()
question,questionnaire_id,UUID,False,
question,code,TEXT,False,
question,text,TEXT,False,
question,response_type,TEXT,False,
question,disorder_id,UUID,True,
question,position,INTEGER,True,
question,created_at,TIMESTAMP,True,now()
question,updated_at,TIMESTAMP,True,now()
question,response_min,NUMERIC,True,
question,response_max,NUMERIC,True,
question,response_step,NUMERIC,True,
question,response_options,JSON,True,
question_disorder,question_id,UUID,False,
question_disorder,disorder_id,UUID,False,
question_disorder,created_at,TIMESTAMP,False,now()
questionnaire_access_grants,id,UUID,False,
questionnaire_access_grants,session_id,UUID,False,
questionnaire_access_grants,owner_user_id,UUID,False,
questionnaire_access_grants,grantee_user_id,UUID,False,
questionnaire_access_grants,grant_type,VARCHAR(40),False,'manual'::character varying
questionnaire_access_grants,can_view,BOOLEAN,False,true
questionnaire_access_grants,can_tag,BOOLEAN,False,true
questionnaire_access_grants,can_download_pdf,BOOLEAN,False,true
questionnaire_access_grants,expires_at,TIMESTAMP,True,
questionnaire_access_grants,revoked_at,TIMESTAMP,True,
questionnaire_access_grants,created_at,TIMESTAMP,False,now()
questionnaire_access_grants,updated_at,TIMESTAMP,False,now()
questionnaire_audit_events,id,UUID,False,
questionnaire_audit_events,session_id,UUID,True,
questionnaire_audit_events,actor_user_id,UUID,True,
questionnaire_audit_events,event_type,VARCHAR(120),False,
questionnaire_audit_events,payload_json,JSON,True,
questionnaire_audit_events,created_at,TIMESTAMP,False,now()
questionnaire_definitions,id,UUID,False,
questionnaire_definitions,slug,VARCHAR(128),False,
questionnaire_definitions,name,VARCHAR(255),False,
questionnaire_definitions,description,TEXT,True,
questionnaire_definitions,created_by_user_id,UUID,True,
questionnaire_definitions,is_active,BOOLEAN,False,true
questionnaire_definitions,created_at,TIMESTAMP,False,now()
questionnaire_definitions,updated_at,TIMESTAMP,False,now()
questionnaire_internal_inputs,id,UUID,False,
questionnaire_internal_inputs,version_id,UUID,False,
questionnaire_internal_inputs,feature_key,VARCHAR(160),False,
questionnaire_internal_inputs,source_question_id,UUID,True,
questionnaire_internal_inputs,derived_from_features,JSON,True,
questionnaire_internal_inputs,internal_scoring_formula_summary,TEXT,True,
questionnaire_internal_inputs,storage_type,VARCHAR(64),False,'numeric'::character varying
questionnaire_internal_inputs,is_required,BOOLEAN,False,true
questionnaire_internal_inputs,requires_internal_scoring,BOOLEAN,False,false
questionnaire_internal_inputs,notes,TEXT,True,
questionnaire_internal_inputs,created_at,TIMESTAMP,False,now()
questionnaire_internal_inputs,updated_at,TIMESTAMP,False,now()
questionnaire_question_modes,id,UUID,False,
questionnaire_question_modes,question_id,UUID,False,
questionnaire_question_modes,mode_key,VARCHAR(64),False,
questionnaire_question_modes,role,VARCHAR(40),False,
questionnaire_question_modes,delivery_mode,VARCHAR(40),False,
questionnaire_question_modes,is_included,BOOLEAN,False,true
questionnaire_question_modes,priority_rank,DOUBLE PRECISION,True,
questionnaire_question_modes,priority_bucket,VARCHAR(40),True,
questionnaire_question_modes,created_at,TIMESTAMP,False,now()
questionnaire_question_modes,updated_at,TIMESTAMP,False,now()
questionnaire_questions,id,UUID,False,
questionnaire_questions,version_id,UUID,False,
questionnaire_questions,section_id,UUID,True,
questionnaire_questions,question_code,VARCHAR(120),False,
questionnaire_questions,feature_key,VARCHAR(160),False,
questionnaire_questions,canonical_question_code,VARCHAR(120),True,
questionnaire_questions,question_text_primary,TEXT,True,
questionnaire_questions,caregiver_question,TEXT,True,
questionnaire_questions,psychologist_question,TEXT,True,
questionnaire_questions,help_text,TEXT,True,
questionnaire_questions,layer,VARCHAR(80),True,
questionnaire_questions,domain,VARCHAR(80),False,'general'::character varying
questionnaire_questions,domains_final,VARCHAR(255),True,
questionnaire_questions,module,VARCHAR(120),True,
questionnaire_questions,criterion_ref,VARCHAR(120),True,
questionnaire_questions,instrument_or_source,VARCHAR(255),True,
questionnaire_questions,feature_type,VARCHAR(120),True,
questionnaire_questions,feature_role,VARCHAR(120),True,
questionnaire_questions,respondent_expected,VARCHAR(120),True,
questionnaire_questions,administered_by,VARCHAR(120),True,
questionnaire_questions,response_type,VARCHAR(64),False,
questionnaire_questions,scale_id,VARCHAR(120),True,
questionnaire_questions,response_options_json,JSON,True,
questionnaire_questions,min_value,DOUBLE PRECISION,True,
questionnaire_questions,max_value,DOUBLE PRECISION,True,
questionnaire_questions,unit,VARCHAR(80),True,
questionnaire_questions,visible_question,BOOLEAN,False,true
questionnaire_questions,generated_input,BOOLEAN,False,false
questionnaire_questions,is_internal_input,BOOLEAN,False,false
questionnaire_questions,is_transparent_derived,BOOLEAN,False,false
questionnaire_questions,requires_internal_scoring,BOOLEAN,False,false
questionnaire_questions,requires_exact_item_wording,BOOLEAN,False,false
questionnaire_questions,requires_clinician_administration,BOOLEAN,False,false
questionnaire_questions,requires_child_self_report,BOOLEAN,False,false
questionnaire_questions,display_order,INTEGER,False,0
questionnaire_questions,question_audit_status,VARCHAR(80),True,
questionnaire_questions,created_at,TIMESTAMP,False,now()
questionnaire_questions,updated_at,TIMESTAMP,False,now()
questionnaire_repeat_mapping,id,UUID,False,
questionnaire_repeat_mapping,version_id,UUID,False,
questionnaire_repeat_mapping,repeated_question_id,UUID,False,
questionnaire_repeat_mapping,canonical_question_id,UUID,False,
questionnaire_repeat_mapping,reuse_answer,BOOLEAN,False,true
questionnaire_repeat_mapping,mapping_notes,TEXT,True,
questionnaire_repeat_mapping,created_at,TIMESTAMP,False,now()
questionnaire_repeat_mapping,updated_at,TIMESTAMP,False,now()
questionnaire_scale_options,id,UUID,False,
questionnaire_scale_options,scale_ref_id,UUID,False,
questionnaire_scale_options,option_value,VARCHAR(120),False,
questionnaire_scale_options,option_label,VARCHAR(255),False,
questionnaire_scale_options,position,INTEGER,False,1
questionnaire_scale_options,created_at,TIMESTAMP,False,now()
questionnaire_scale_options,updated_at,TIMESTAMP,False,now()
questionnaire_scales,id,UUID,False,
questionnaire_scales,version_id,UUID,False,
questionnaire_scales,scale_id,VARCHAR(120),False,
questionnaire_scales,scale_name,VARCHAR(255),False,
questionnaire_scales,response_type,VARCHAR(64),False,
questionnaire_scales,min_value,DOUBLE PRECISION,True,
questionnaire_scales,max_value,DOUBLE PRECISION,True,
questionnaire_scales,unit,VARCHAR(120),True,
questionnaire_scales,scale_guidance,TEXT,True,
questionnaire_scales,options_json,JSON,True,
questionnaire_scales,created_at,TIMESTAMP,False,now()
questionnaire_scales,updated_at,TIMESTAMP,False,now()
questionnaire_sections,id,UUID,False,
questionnaire_sections,version_id,UUID,False,
questionnaire_sections,section_key,VARCHAR(160),False,
questionnaire_sections,title,VARCHAR(255),False,
questionnaire_sections,description,TEXT,True,
questionnaire_sections,position,INTEGER,False,
questionnaire_sections,is_visible,BOOLEAN,False,true
questionnaire_sections,created_at,TIMESTAMP,False,now()
questionnaire_sections,updated_at,TIMESTAMP,False,now()
questionnaire_session_access_links,id,UUID,False,
questionnaire_session_access_links,session_id,UUID,False,
questionnaire_session_access_links,access_type,VARCHAR(40),False,
questionnaire_session_access_links,actor_user_id,UUID,True,
questionnaire_session_access_links,share_code_id,UUID,True,
questionnaire_session_access_links,access_grant_id,UUID,True,
questionnaire_session_access_links,ip_address,VARCHAR(80),True,
questionnaire_session_access_links,user_agent,VARCHAR(255),True,
questionnaire_session_access_links,success,BOOLEAN,False,true
questionnaire_session_access_links,notes,TEXT,True,
questionnaire_session_access_links,accessed_at,TIMESTAMP,False,now()
questionnaire_session_answers,id,UUID,False,
questionnaire_session_answers,session_id,UUID,False,
questionnaire_session_answers,question_id,UUID,False,
questionnaire_session_answers,canonical_question_id,UUID,True,
questionnaire_session_answers,answer_raw,JSON,False,
questionnaire_session_answers,answer_normalized,TEXT,False,
questionnaire_session_answers,source,VARCHAR(40),False,'user'::character varying
questionnaire_session_answers,answered_by_user_id,UUID,True,
questionnaire_session_answers,is_final,BOOLEAN,False,false
questionnaire_session_answers,created_at,TIMESTAMP,False,now()
questionnaire_session_answers,updated_at,TIMESTAMP,False,now()
questionnaire_session_internal_features,id,UUID,False,
questionnaire_session_internal_features,session_id,UUID,False,
questionnaire_session_internal_features,feature_key,VARCHAR(160),False,
questionnaire_session_internal_features,feature_value_numeric,DOUBLE PRECISION,True,
questionnaire_session_internal_features,feature_value_text,TEXT,True,
questionnaire_session_internal_features,source_type,VARCHAR(40),False,'direct'::character varying
questionnaire_session_internal_features,source_question_id,UUID,True,
questionnaire_session_internal_features,metadata_json,JSON,True,
questionnaire_session_internal_features,created_at,TIMESTAMP,False,now()
questionnaire_session_internal_features,updated_at,TIMESTAMP,False,now()
questionnaire_session_items,id,UUID,False,
questionnaire_session_items,session_id,UUID,False,
questionnaire_session_items,section_id,UUID,True,
questionnaire_session_items,question_id,UUID,False,
questionnaire_session_items,page_number,INTEGER,False,1
questionnaire_session_items,display_order,INTEGER,False,0
questionnaire_session_items,is_visible,BOOLEAN,False,true
questionnaire_session_items,is_required,BOOLEAN,False,true
questionnaire_session_items,answered,BOOLEAN,False,false
questionnaire_session_items,answered_at,TIMESTAMP,True,
questionnaire_session_items,created_at,TIMESTAMP,False,now()
questionnaire_session_items,updated_at,TIMESTAMP,False,now()
questionnaire_session_pdf_exports,id,UUID,False,
questionnaire_session_pdf_exports,session_id,UUID,False,
questionnaire_session_pdf_exports,file_path,VARCHAR(512),False,
questionnaire_session_pdf_exports,file_name,VARCHAR(255),False,
questionnaire_session_pdf_exports,status,VARCHAR(40),False,'generated'::character varying
questionnaire_session_pdf_exports,generated_by_user_id,UUID,True,
questionnaire_session_pdf_exports,metadata_json,JSON,True,
questionnaire_session_pdf_exports,created_at,TIMESTAMP,False,now()
questionnaire_session_result_comorbidity,id,UUID,False,
questionnaire_session_result_comorbidity,result_id,UUID,False,
questionnaire_session_result_comorbidity,session_id,UUID,False,
questionnaire_session_result_comorbidity,coexistence_key,VARCHAR(120),False,
questionnaire_session_result_comorbidity,domains_json,JSON,False,
questionnaire_session_result_comorbidity,combined_risk_score,DOUBLE PRECISION,False,
questionnaire_session_result_comorbidity,coexistence_level,VARCHAR(40),False,
questionnaire_session_result_comorbidity,summary,TEXT,False,
questionnaire_session_result_comorbidity,created_at,TIMESTAMP,False,now()
questionnaire_session_result_comorbidity,updated_at,TIMESTAMP,False,now()
questionnaire_session_result_domains,id,UUID,False,
questionnaire_session_result_domains,result_id,UUID,False,
questionnaire_session_result_domains,session_id,UUID,False,
questionnaire_session_result_domains,domain,VARCHAR(64),False,
questionnaire_session_result_domains,probability,DOUBLE PRECISION,False,
questionnaire_session_result_domains,alert_level,VARCHAR(40),False,
questionnaire_session_result_domains,confidence_pct,DOUBLE PRECISION,True,
questionnaire_session_result_domains,confidence_band,VARCHAR(64),True,
questionnaire_session_result_domains,model_id,VARCHAR(255),False,
questionnaire_session_result_domains,model_version,VARCHAR(128),True,
questionnaire_session_result_domains,mode,VARCHAR(64),False,
questionnaire_session_result_domains,operational_class,VARCHAR(120),True,
questionnaire_session_result_domains,operational_caveat,TEXT,True,
questionnaire_session_result_domains,result_summary,TEXT,False,
questionnaire_session_result_domains,needs_professional_review,BOOLEAN,False,false
questionnaire_session_result_domains,metadata_json,JSON,True,
questionnaire_session_result_domains,created_at,TIMESTAMP,False,now()
questionnaire_session_result_domains,updated_at,TIMESTAMP,False,now()
questionnaire_session_results,id,UUID,False,
questionnaire_session_results,session_id,UUID,False,
questionnaire_session_results,summary_text,TEXT,False,
questionnaire_session_results,operational_recommendation,TEXT,False,
questionnaire_session_results,completion_quality_score,DOUBLE PRECISION,True,
questionnaire_session_results,missingness_score,DOUBLE PRECISION,True,
questionnaire_session_results,inconsistency_flags_json,JSON,True,
questionnaire_session_results,needs_professional_review,BOOLEAN,False,false
questionnaire_session_results,runtime_ms,DOUBLE PRECISION,True,
questionnaire_session_results,model_bundle_version,VARCHAR(128),True,
questionnaire_session_results,questionnaire_version_label,VARCHAR(128),True,
questionnaire_session_results,scales_version_label,VARCHAR(128),True,
questionnaire_session_results,metadata_json,JSON,True,
questionnaire_session_results,processed_at,TIMESTAMP,False,now()
questionnaire_session_results,created_at,TIMESTAMP,False,now()
questionnaire_session_results,updated_at,TIMESTAMP,False,now()
questionnaire_session_tags,id,UUID,False,
questionnaire_session_tags,session_id,UUID,False,
questionnaire_session_tags,tag_id,UUID,False,
questionnaire_session_tags,assigned_by_user_id,UUID,False,
questionnaire_session_tags,created_at,TIMESTAMP,False,now()
questionnaire_sessions,id,UUID,False,
questionnaire_sessions,questionnaire_public_id,VARCHAR(40),False,
questionnaire_sessions,version_id,UUID,False,
questionnaire_sessions,owner_user_id,UUID,False,
questionnaire_sessions,respondent_role,VARCHAR(40),False,
questionnaire_sessions,mode,VARCHAR(40),False,
questionnaire_sessions,mode_key,VARCHAR(64),False,
questionnaire_sessions,status,VARCHAR(40),False,'draft'::character varying
questionnaire_sessions,progress_pct,DOUBLE PRECISION,False,'0'::double precision
questionnaire_sessions,completion_quality_score,DOUBLE PRECISION,True,
questionnaire_sessions,missingness_score,DOUBLE PRECISION,True,
questionnaire_sessions,inconsistency_flags_json,JSON,True,
questionnaire_sessions,model_pipeline_version,VARCHAR(128),True,
questionnaire_sessions,questionnaire_version_label,VARCHAR(128),True,
questionnaire_sessions,scales_version_label,VARCHAR(128),True,
questionnaire_sessions,metadata_json,JSON,True,
questionnaire_sessions,started_at,TIMESTAMP,False,now()
questionnaire_sessions,submitted_at,TIMESTAMP,True,
questionnaire_sessions,processed_at,TIMESTAMP,True,
questionnaire_sessions,failed_at,TIMESTAMP,True,
questionnaire_sessions,archived_at,TIMESTAMP,True,
questionnaire_sessions,created_at,TIMESTAMP,False,now()
questionnaire_sessions,updated_at,TIMESTAMP,False,now()
questionnaire_share_codes,id,UUID,False,
questionnaire_share_codes,session_id,UUID,False,
questionnaire_share_codes,code_hash,VARCHAR(255),False,
questionnaire_share_codes,code_hint,VARCHAR(16),True,
questionnaire_share_codes,created_by_user_id,UUID,False,
questionnaire_share_codes,is_active,BOOLEAN,False,true
questionnaire_share_codes,expires_at,TIMESTAMP,True,
questionnaire_share_codes,max_uses,INTEGER,True,
questionnaire_share_codes,used_count,INTEGER,False,0
questionnaire_share_codes,created_at,TIMESTAMP,False,now()
questionnaire_share_codes,updated_at,TIMESTAMP,False,now()
questionnaire_tags,id,UUID,False,
questionnaire_tags,owner_user_id,UUID,False,
questionnaire_tags,name,VARCHAR(120),False,
questionnaire_tags,color,VARCHAR(16),False,'#5B6C7D'::character varying
questionnaire_tags,visibility,VARCHAR(40),False,'private'::character varying
questionnaire_tags,created_at,TIMESTAMP,False,now()
questionnaire_tags,updated_at,TIMESTAMP,False,now()
questionnaire_template,id,UUID,False,gen_random_uuid()
questionnaire_template,name,TEXT,False,
questionnaire_template,version,TEXT,False,
questionnaire_template,description,TEXT,True,
questionnaire_template,is_active,BOOLEAN,False,true
questionnaire_template,created_at,TIMESTAMP,True,now()
questionnaire_template,updated_at,TIMESTAMP,True,now()
questionnaire_template,is_archived,BOOLEAN,False,false
questionnaire_template,archived_at,TIMESTAMP,True,
questionnaire_versions,id,UUID,False,
questionnaire_versions,definition_id,UUID,False,
questionnaire_versions,version_label,VARCHAR(64),False,
questionnaire_versions,source_folder,VARCHAR(512),True,
questionnaire_versions,source_master_csv,VARCHAR(512),True,
questionnaire_versions,source_visible_csv,VARCHAR(512),True,
questionnaire_versions,source_scales_csv,VARCHAR(512),True,
questionnaire_versions,source_preview_md,VARCHAR(512),True,
questionnaire_versions,source_pdf,VARCHAR(512),True,
questionnaire_versions,source_audit_md,VARCHAR(512),True,
questionnaire_versions,questionnaire_version_final,VARCHAR(128),True,
questionnaire_versions,scales_version_label,VARCHAR(128),True,
questionnaire_versions,metadata_json,JSON,True,
questionnaire_versions,is_active,BOOLEAN,False,false
questionnaire_versions,published_at,TIMESTAMP,True,
questionnaire_versions,created_at,TIMESTAMP,False,now()
questionnaire_versions,updated_at,TIMESTAMP,False,now()
recovery_code,id,UUID,False,
recovery_code,user_id,UUID,False,
recovery_code,code_hash,VARCHAR,False,
recovery_code,used_at,TIMESTAMP,True,
recovery_code,created_at,TIMESTAMP,True,now()
refresh_token,id,UUID,False,gen_random_uuid()
refresh_token,jti,TEXT,False,
refresh_token,user_id,UUID,False,
refresh_token,revoked,BOOLEAN,False,false
refresh_token,created_at,TIMESTAMP,False,now()
refresh_token,expires_at,TIMESTAMP,True,
refresh_token,updated_at,TIMESTAMP,True,now()
report_jobs,id,UUID,False,
report_jobs,job_type,VARCHAR(120),False,
report_jobs,requested_by_user_id,UUID,False,
report_jobs,status,VARCHAR(40),False,'queued'::character varying
report_jobs,params_json,JSON,True,
report_jobs,error_message,TEXT,True,
report_jobs,created_at,TIMESTAMP,False,now()
report_jobs,started_at,TIMESTAMP,True,
report_jobs,finished_at,TIMESTAMP,True,
risk_alert,id,UUID,False,gen_random_uuid()
risk_alert,evaluation_id,UUID,False,
risk_alert,evaluation_prediction_detail_id,UUID,False,
risk_alert,risk_level,TEXT,False,
risk_alert,created_at,TIMESTAMP,False,now()
risk_alert,notified_psychologist_id,UUID,False,
risk_alert,resolved_at,TIMESTAMP,True,
risk_alert,resolved_by_user_id,UUID,True,
risk_alert,resolution_notes,TEXT,True,
risk_alert,updated_at,TIMESTAMP,True,now()
role,id,UUID,False,gen_random_uuid()
role,name,TEXT,False,
role,description,TEXT,True,
role,created_at,TIMESTAMP,True,now()
role,updated_at,TIMESTAMP,True,now()
service_health_snapshots,id,UUID,False,
service_health_snapshots,snapshot_at,TIMESTAMP,False,now()
service_health_snapshots,api_uptime_seconds,DOUBLE PRECISION,True,
service_health_snapshots,requests_total,INTEGER,True,
service_health_snapshots,error_rate,DOUBLE PRECISION,True,
service_health_snapshots,avg_latency_ms,DOUBLE PRECISION,True,
service_health_snapshots,db_ready,BOOLEAN,True,
service_health_snapshots,queue_depth,INTEGER,True,
service_health_snapshots,payload_json,JSON,True,
service_health_snapshots,created_at,TIMESTAMP,False,now()
subject,id,UUID,False,gen_random_uuid()
subject,external_code,TEXT,False,
subject,birth_year,INTEGER,True,
subject,sex,TEXT,True,
subject,notes,TEXT,True,
subject,created_at,TIMESTAMP,True,now()
subject,updated_at,TIMESTAMP,True,now()
subject_guardian,id,UUID,False,gen_random_uuid()
subject_guardian,subject_id,UUID,False,
subject_guardian,user_id,UUID,False,
subject_guardian,relationship,TEXT,False,
subject_guardian,is_active,BOOLEAN,False,true
subject_guardian,created_at,TIMESTAMP,False,now()
subject_guardian,updated_at,TIMESTAMP,False,now()
synthetic_data_batch,id,UUID,False,gen_random_uuid()
synthetic_data_batch,created_by_user_id,UUID,False,
synthetic_data_batch,created_at,TIMESTAMP,False,now()
synthetic_data_batch,parameters,JSONB,False,
synthetic_data_batch,sample_count,INTEGER,False,
synthetic_data_batch,results,JSONB,True,
synthetic_data_batch,updated_at,TIMESTAMP,True,now()
system_setting,key,TEXT,False,
system_setting,value,TEXT,False,
system_setting,description,TEXT,True,
system_setting,created_at,TIMESTAMP,True,now()
system_setting,updated_at,TIMESTAMP,True,now()
training_dataset,id,UUID,False,gen_random_uuid()
training_dataset,name,TEXT,False,
training_dataset,source,TEXT,False,
training_dataset,description,TEXT,True,
training_dataset,size,INTEGER,True,
training_dataset,created_at,TIMESTAMP,False,now()
training_dataset,updated_at,TIMESTAMP,True,now()
training_run,id,UUID,False,gen_random_uuid()
training_run,ml_model_version_id,UUID,False,
training_run,training_dataset_id,UUID,False,
training_run,started_at,TIMESTAMP,True,
training_run,finished_at,TIMESTAMP,True,
training_run,status,TEXT,False,
training_run,metrics,JSONB,True,
training_run,log,TEXT,True,
training_run,created_at,TIMESTAMP,True,now()
training_run,updated_at,TIMESTAMP,True,now()
user_mfa,id,UUID,False,
user_mfa,user_id,UUID,False,
user_mfa,method,VARCHAR,False,'totp'::character varying
user_mfa,secret_encrypted,VARCHAR,False,
user_mfa,last_used_at,TIMESTAMP,True,
user_mfa,created_at,TIMESTAMP,True,now()
user_mfa,updated_at,TIMESTAMP,True,
user_role,user_id,UUID,False,
user_role,role_id,UUID,False,
user_role,created_at,TIMESTAMP,True,now()
user_role,updated_at,TIMESTAMP,True,now()
user_session,id,UUID,False,gen_random_uuid()
user_session,user_id,UUID,False,
user_session,started_at,TIMESTAMP,False,now()
user_session,ended_at,TIMESTAMP,True,
user_session,ip_address,TEXT,True,
user_session,device_info,TEXT,True,
user_session,ended_by_timeout,BOOLEAN,True,
user_session,created_at,TIMESTAMP,True,now()
user_session,updated_at,TIMESTAMP,True,now()
