domain,role,mode,active_model_id,model_key,artifact_path,artifact_origin,artifact_hash,threshold,n_features,feature_list_pipe,artifacts_available,prediction_recomputed,recompute_blocker,probability_mean,probability_std,prediction_positive_rate,holdout_n,holdout_positive_n,holdout_negative_n,precision,recall,specificity,balanced_accuracy,f1,roc_auc,pr_auc,brier,tn,fp,fn,tp
adhd,caregiver,caregiver_1_3,adhd__caregiver_1_3__hybrid_rf_max_real_metrics_v1__rf__same_inputs_v10,adhd__caregiver_1_3__hybrid_rf_max_real_metrics_v1__rf__same_inputs_v10,C:\Users\andre\Documents\Workspace Academic\Backend Tesis\cognia_app_rf_max_real_metrics\models\active_modes\adhd__caregiver_1_3__hybrid_rf_max_real_metrics_v1__rf__same_inputs_v10\pipeline.joblib,worktree_rf_max_real_metrics,73813f05f87ba02f768043a4ed6bc8d0e9a704b8fab7a765e1eab86c9f47b6da,0.3999999999999999,36,adhd_onset_before_12|adhd_inatt_08_easily_distracted|adhd_impairment_home|adhd_impairment_school|adhd_inatt_02_sustained_attention_difficulty|adhd_inatt_03_seems_not_listening|adhd_inatt_09_forgetful_daily_activities|adhd_inatt_06_avoids_sustained_effort|adhd_hypimp_02_leaves_seat|adhd_inatt_01_attention_to_detail_errors|adhd_hypimp_04_cannot_play_quietly|adhd_hypimp_03_runs_or_climbs_inappropriately|adhd_inatt_07_loses_things|adhd_hypimp_01_fidgets|adhd_hypimp_07_blurts_out|adhd_hypimp_05_driven_by_motor|adhd_hypimp_09_interrupts_intrudes|adhd_hypimp_06_talks_excessively|adhd_inatt_04_fails_to_finish_tasks|adhd_hypimp_08_difficulty_waiting_turn|adhd_inatt_05_organization_difficulty|adhd_impairment_social|adhd_context_home|adhd_context_school|adhd_context_other|conduct_impairment_global|dmdd_outbursts_frequency_per_week|encopresis_event_frequency_per_month|enuresis_event_frequency_per_week|agor_impairment|enuresis_distress_impairment|mdd_impairment|gad_impairment|social_anxiety_impairment|sep_anx_impairment|dmdd_duration_months,yes,yes,,0.19484008523152235,0.32089055256415694,0.2520833333333333,480,94,386,0.71900826446281,0.925531914893617,0.9119170984455959,0.9187245066696064,0.8093023255813954,0.9492613824275163,0.7241089004526715,0.06389466244508706,352,34,7,87
adhd,caregiver,caregiver_2_3,adhd__caregiver_2_3__hybrid_rf_max_real_metrics_v1__rf__same_inputs_v10,adhd__caregiver_2_3__hybrid_rf_max_real_metrics_v1__rf__same_inputs_v10,C:\Users\andre\Documents\Workspace Academic\Backend Tesis\cognia_app_rf_max_real_metrics\models\active_modes\adhd__caregiver_2_3__hybrid_rf_max_real_metrics_v1__rf__same_inputs_v10\pipeline.joblib,worktree_rf_max_real_metrics,772533ff43337b4d3ac7c3bfc5105d66a41e17a5752042a7057c3185a7235823,0.5599999999999999,69,adhd_onset_before_12|adhd_inatt_08_easily_distracted|adhd_impairment_home|adhd_impairment_school|adhd_inatt_02_sustained_attention_difficulty|adhd_inatt_03_seems_not_listening|adhd_inatt_09_forgetful_daily_activities|adhd_inatt_06_avoids_sustained_effort|adhd_hypimp_02_leaves_seat|adhd_inatt_01_attention_to_detail_errors|adhd_hypimp_04_cannot_play_quietly|adhd_hypimp_03_runs_or_climbs_inappropriately|adhd_inatt_07_loses_things|adhd_hypimp_01_fidgets|adhd_hypimp_07_blurts_out|adhd_hypimp_05_driven_by_motor|adhd_hypimp_09_interrupts_intrudes|adhd_hypimp_06_talks_excessively|adhd_inatt_04_fails_to_finish_tasks|adhd_hypimp_08_difficulty_waiting_turn|adhd_inatt_05_organization_difficulty|adhd_impairment_social|conduct_06_steals_confronting_victim|conduct_03_weapon_use|conduct_04_physical_cruelty_people|conduct_02_initiates_fights|conduct_10_breaks_into_house_building_car|conduct_01_bullies_threatens_intimidates|conduct_07_forced_sex|conduct_09_property_destruction|conduct_05_physical_cruelty_animals|conduct_11_lies_to_obtain_or_avoid|conduct_15_truancy_before_13|conduct_08_fire_setting|conduct_13_stays_out_at_night_before_13|conduct_impairment_global|conduct_12_steals_without_confrontation|conduct_14_runs_away_overnight|dmdd_outbursts_frequency_per_week|adhd_context_home|encopresis_event_frequency_per_month|dmdd_irritable_between_outbursts|enuresis_event_frequency_per_week|mdd_03_weight_or_appetite_change|mdd_01_depressed_or_irritable_mood|gad_excessive_worry_multiple_areas|gad_difficulty_controlling_worry|mdd_02_loss_of_interest_or_pleasure|adhd_context_school|mdd_07_worthlessness_or_excessive_guilt|adhd_context_other|mdd_05_psychomotor_change|mdd_04_sleep_change|mdd_08_concentration_or_decision_difficulty|mdd_06_fatigue_or_low_energy|sep_anx_01_distress_on_separation|mdd_09_death_or_suicidal_thoughts|sep_anx_02_worry_losing_attachment_figures|sep_anx_03_worry_event_causing_separation|sep_anx_08_physical_complaints_on_separation|sep_anx_04_refuses_leaving_home_school|sep_anx_07_separation_nightmares|sep_anx_05_fear_being_alone_without_attachment|social_anxiety_fear_being_observed|social_anxiety_almost_always_triggered|sep_anx_06_refuses_sleep_away_or_alone|social_anxiety_avoid_or_endure_intense|social_anxiety_fear_interactions|social_anxiety_fear_performance,yes,yes,,0.2742115769145279,0.34850200213255167,0.26875,480,94,386,0.689922480620155,0.9468085106382979,0.8963730569948186,0.9215907838165582,0.7982062780269058,0.9524583838606547,0.7461931953430669,0.07868796345116312,346,40,5,89
adhd,caregiver,caregiver_full,adhd__caregiver_full__hybrid_rf_max_real_metrics_v1__rf__same_inputs_v10,adhd__caregiver_full__hybrid_rf_max_real_metrics_v1__rf__same_inputs_v10,C:\Users\andre\Documents\Workspace Academic\Backend Tesis\cognia_app_rf_max_real_metrics\models\active_modes\adhd__caregiver_full__hybrid_rf_max_real_metrics_v1__rf__same_inputs_v10\pipeline.joblib,worktree_rf_max_real_metrics,8d6b132464fbb2458383606535db647cc529df0f6e0054862900c2ec620e396e,0.4666534718198245,53,adhd_context_other|adhd_hypimp_01_fidgets|adhd_hypimp_02_leaves_seat|adhd_hypimp_03_runs_or_climbs_inappropriately|adhd_hypimp_04_cannot_play_quietly|adhd_hypimp_05_driven_by_motor|adhd_hypimp_06_talks_excessively|adhd_hypimp_07_blurts_out|adhd_hypimp_09_interrupts_intrudes|adhd_impairment_home|adhd_impairment_school|adhd_impairment_social|adhd_inatt_01_attention_to_detail_errors|adhd_inatt_02_sustained_attention_difficulty|adhd_inatt_03_seems_not_listening|adhd_inatt_04_fails_to_finish_tasks|adhd_inatt_05_organization_difficulty|adhd_inatt_06_avoids_sustained_effort|adhd_inatt_07_loses_things|adhd_inatt_08_easily_distracted|adhd_inatt_09_forgetful_daily_activities|adhd_onset_before_12|age_years|agor_duration_months|conduct_03_weapon_use|conduct_04_physical_cruelty_people|conduct_06_steals_confronting_victim|conduct_07_forced_sex|conduct_09_property_destruction|conduct_10_breaks_into_house_building_car|conduct_11_lies_to_obtain_or_avoid|conduct_12_steals_without_confrontation|conduct_14_runs_away_overnight|conduct_15_truancy_before_13|conduct_impairment_global|conduct_lpe_01_lack_remorse_guilt|conduct_lpe_02_callous_lack_empathy|conduct_lpe_04_shallow_deficient_affect|dmdd_duration_months|dmdd_outbursts_frequency_per_week|eng_adhd_context_spread|eng_adhd_core_mean|eng_anxiety_core_mean|eng_conduct_core_mean|eng_depression_core_mean|eng_elimination_intensity|eng_externalizing_index|eng_internalizing_index|eng_mood_discrepancy|mdd_duration_weeks|pdd_duration_months_child|sep_anx_duration_weeks|social_anxiety_duration_months,yes,yes,,0.2618017819576127,0.3498215793953558,0.2604166666666667,480,94,386,0.704,0.9361702127659575,0.9041450777202072,0.9201576452430824,0.8036529680365296,0.951383529930548,0.7300419974766443,0.07554613242576143,349,37,6,88
adhd,psychologist,psychologist_1_3,adhd__psychologist_1_3__hybrid_rf_max_real_metrics_v1__rf__same_inputs_v10,adhd__psychologist_1_3__hybrid_rf_max_real_metrics_v1__rf__same_inputs_v10,C:\Users\andre\Documents\Workspace Academic\Backend Tesis\cognia_app_rf_max_real_metrics\models\active_modes\adhd__psychologist_1_3__hybrid_rf_max_real_metrics_v1__rf__same_inputs_v10\pipeline.joblib,worktree_rf_max_real_metrics,4313cb918fab71fd2c0dcf18af867b6fa287afeff89c18f43c1a44747ea8988a,0.5499999999999999,9,adhd_onset_before_12|adhd_inatt_08_easily_distracted|adhd_inatt_02_sustained_attention_difficulty|adhd_inatt_06_avoids_sustained_effort|adhd_inatt_03_seems_not_listening|adhd_hypimp_04_cannot_play_quietly|adhd_inatt_07_loses_things|adhd_hypimp_02_leaves_seat|adhd_inatt_09_forgetful_daily_activities,yes,yes,,0.26700171872581685,0.35608633632929937,0.2625,480,94,386,0.6904761904761905,0.925531914893617,0.8989637305699482,0.9122478227317825,0.7909090909090909,0.9497299084996141,0.7180700559629031,0.07867751257646273,347,39,7,87
adhd,psychologist,psychologist_2_3,adhd__psychologist_2_3__hybrid_rf_max_real_metrics_v1__rf__same_inputs_v10,adhd__psychologist_2_3__hybrid_rf_max_real_metrics_v1__rf__same_inputs_v10,C:\Users\andre\Documents\Workspace Academic\Backend Tesis\cognia_app_rf_max_real_metrics\models\active_modes\adhd__psychologist_2_3__hybrid_rf_max_real_metrics_v1__rf__same_inputs_v10\pipeline.joblib,worktree_rf_max_real_metrics,76234a1ef75cca401be6f0202da9833e405bcfb32bf2f8cd6159fab89788dd84,0.2799999999999999,101,adhd_onset_before_12|adhd_inatt_08_easily_distracted|adhd_impairment_school|adhd_not_better_explained_other_mental|adhd_inatt_06_avoids_sustained_effort|adhd_inatt_02_sustained_attention_difficulty|adhd_impairment_home|adhd_inatt_03_seems_not_listening|adhd_inatt_09_forgetful_daily_activities|adhd_hypimp_02_leaves_seat|adhd_hypimp_04_cannot_play_quietly|adhd_inatt_07_loses_things|adhd_inatt_01_attention_to_detail_errors|adhd_hypimp_03_runs_or_climbs_inappropriately|adhd_inatt_04_fails_to_finish_tasks|adhd_impairment_social|adhd_hypimp_07_blurts_out|adhd_hypimp_01_fidgets|adhd_hypimp_05_driven_by_motor|adhd_hypimp_06_talks_excessively|adhd_hypimp_08_difficulty_waiting_turn|adhd_hypimp_09_interrupts_intrudes|adhd_inatt_05_organization_difficulty|conduct_03_weapon_use|conduct_impairment_global|conduct_06_steals_confronting_victim|conduct_04_physical_cruelty_people|conduct_02_initiates_fights|conduct_10_breaks_into_house_building_car|conduct_07_forced_sex|conduct_09_property_destruction|conduct_01_bullies_threatens_intimidates|conduct_11_lies_to_obtain_or_avoid|conduct_05_physical_cruelty_animals|conduct_08_fire_setting|adhd_context_home|conduct_15_truancy_before_13|conduct_13_stays_out_at_night_before_13|adhd_context_other|conduct_12_steals_without_confrontation|conduct_14_runs_away_overnight|dmdd_outbursts_frequency_per_week|adhd_context_school|encopresis_event_frequency_per_month|dmdd_irritable_between_outbursts|enuresis_event_frequency_per_week|mdd_03_weight_or_appetite_change|mdd_01_depressed_or_irritable_mood|mdd_02_loss_of_interest_or_pleasure|gad_difficulty_controlling_worry|gad_excessive_worry_multiple_areas|mdd_07_worthlessness_or_excessive_guilt|mdd_05_psychomotor_change|mdd_04_sleep_change|mdd_08_concentration_or_decision_difficulty|sep_anx_01_distress_on_separation|mdd_06_fatigue_or_low_energy|mdd_09_death_or_suicidal_thoughts|sep_anx_02_worry_losing_attachment_figures|sep_anx_08_physical_complaints_on_separation|sep_anx_03_worry_event_causing_separation|sep_anx_04_refuses_leaving_home_school|sep_anx_07_separation_nightmares|sep_anx_05_fear_being_alone_without_attachment|social_anxiety_fear_being_observed|social_anxiety_almost_always_triggered|sep_anx_06_refuses_sleep_away_or_alone|social_anxiety_avoid_or_endure_intense|social_anxiety_fear_interactions|social_anxiety_fear_performance|social_anxiety_fear_negative_evaluation|agor_escape_help_cognition|agor_avoid_or_need_companion|agor_impairment|enuresis_distress_impairment|gad_assoc_03_concentration_difficulty|gad_assoc_02_fatigue|gad_assoc_01_restlessness|gad_assoc_04_irritability|mdd_impairment|gad_assoc_05_muscle_tension|gad_assoc_06_sleep_problems|gad_impairment|social_anxiety_impairment|sep_anx_impairment|dmdd_duration_months|agor_duration_months|encopresis_duration_months_consecutive|enuresis_duration_months_consecutive|gad_duration_months|mdd_duration_weeks|agor_fear_02_open_spaces|sep_anx_duration_weeks|pdd_duration_months_child|agor_fear_01_public_transport|social_anxiety_duration_months|dmdd_outbursts_severity|agor_fear_03_enclosed_spaces|agor_fear_05_outside_home_alone|agor_fear_04_crowds_queues|pdd_depressed_or_irritable_mood,yes,yes,,0.18890849907190888,0.34943483224156197,0.2,480,94,386,0.8333333333333334,0.851063829787234,0.9585492227979274,0.9048065262925807,0.8421052631578947,0.9720675779958107,0.9313831206397698,0.04059850182731977,370,16,14,80
adhd,psychologist,psychologist_full,adhd__psychologist_full__hybrid_rf_max_real_metrics_v1__rf__same_inputs_v10,adhd__psychologist_full__hybrid_rf_max_real_metrics_v1__rf__same_inputs_v10,C:\Users\andre\Documents\Workspace Academic\Backend Tesis\cognia_app_rf_max_real_metrics\models\active_modes\adhd__psychologist_full__hybrid_rf_max_real_metrics_v1__rf__same_inputs_v10\pipeline.joblib,worktree_rf_max_real_metrics,e98d941621929a8176893aa7c15a0aa72695c7ec6c015f241980b865fc523242,0.6,27,adhd_context_home|adhd_context_other|adhd_context_school|adhd_hypimp_01_fidgets|adhd_hypimp_02_leaves_seat|adhd_hypimp_03_runs_or_climbs_inappropriately|adhd_hypimp_04_cannot_play_quietly|adhd_hypimp_05_driven_by_motor|adhd_hypimp_06_talks_excessively|adhd_hypimp_07_blurts_out|adhd_hypimp_08_difficulty_waiting_turn|adhd_hypimp_09_interrupts_intrudes|adhd_impairment_home|adhd_impairment_school|adhd_impairment_social|adhd_inatt_01_attention_to_detail_errors|adhd_inatt_02_sustained_attention_difficulty|adhd_inatt_03_seems_not_listening|adhd_inatt_04_fails_to_finish_tasks|adhd_inatt_05_organization_difficulty|adhd_inatt_06_avoids_sustained_effort|adhd_inatt_07_loses_things|adhd_inatt_08_easily_distracted|adhd_inatt_09_forgetful_daily_activities|adhd_not_better_explained_other_mental|adhd_not_psychosis_exclusive|adhd_onset_before_12,yes,yes,,0.3190930957468285,0.306667946765755,0.24791666666666667,480,94,386,0.7226890756302521,0.9148936170212766,0.9145077720207254,0.914700694521001,0.8075117370892019,0.9629313195899019,0.8534145929527844,0.09390187028874666,353,33,8,86
anxiety,caregiver,caregiver_1_3,anxiety__caregiver_1_3__hybrid_rf_max_real_metrics_v1__rf__same_inputs_v10,anxiety__caregiver_1_3__hybrid_rf_max_real_metrics_v1__rf__same_inputs_v10,C:\Users\andre\Documents\Workspace Academic\Backend Tesis\cognia_app_rf_max_real_metrics\models\active_modes\anxiety__caregiver_1_3__hybrid_rf_max_real_metrics_v1__rf__same_inputs_v10\pipeline.joblib,worktree_rf_max_real_metrics,e15adb52bfe5db5f6aeb0fc51660ba5fb481325951cc6b4549130a5a34df4d2b,0.29,58,adhd_hypimp_01_fidgets|adhd_hypimp_02_leaves_seat|adhd_hypimp_03_runs_or_climbs_inappropriately|adhd_hypimp_04_cannot_play_quietly|adhd_hypimp_05_driven_by_motor|adhd_hypimp_06_talks_excessively|adhd_hypimp_07_blurts_out|adhd_hypimp_08_difficulty_waiting_turn|adhd_hypimp_09_interrupts_intrudes|adhd_inatt_01_attention_to_detail_errors|adhd_inatt_02_sustained_attention_difficulty|adhd_inatt_03_seems_not_listening|adhd_inatt_04_fails_to_finish_tasks|adhd_inatt_05_organization_difficulty|adhd_inatt_06_avoids_sustained_effort|adhd_inatt_07_loses_things|adhd_inatt_08_easily_distracted|adhd_inatt_09_forgetful_daily_activities|conduct_01_bullies_threatens_intimidates|conduct_02_initiates_fights|conduct_03_weapon_use|conduct_04_physical_cruelty_people|conduct_05_physical_cruelty_animals|conduct_06_steals_confronting_victim|conduct_07_forced_sex|conduct_08_fire_setting|conduct_09_property_destruction|conduct_10_breaks_into_house_building_car|conduct_11_lies_to_obtain_or_avoid|conduct_12_steals_without_confrontation|conduct_13_stays_out_at_night_before_13|conduct_14_runs_away_overnight|conduct_15_truancy_before_13|dmdd_irritable_between_outbursts|dmdd_outbursts_frequency_per_week|encopresis_event_frequency_per_month|eng_adhd_context_spread|eng_adhd_core_mean|eng_anxiety_core_mean|eng_conduct_core_mean|eng_depression_core_mean|eng_elimination_intensity|eng_externalizing_index|eng_internalizing_index|eng_mood_discrepancy|enuresis_event_frequency_per_week|gad_difficulty_controlling_worry|gad_excessive_worry_multiple_areas|mdd_01_depressed_or_irritable_mood|mdd_02_loss_of_interest_or_pleasure|mdd_03_weight_or_appetite_change|mdd_04_sleep_change|mdd_05_psychomotor_change|mdd_06_fatigue_or_low_energy|mdd_07_worthlessness_or_excessive_guilt|mdd_08_concentration_or_decision_difficulty|mdd_09_death_or_suicidal_thoughts|sep_anx_01_distress_on_separation,yes,yes,,0.18514320178549057,0.3361182664293698,0.18958333333333333,480,86,394,0.8461538461538461,0.8953488372093024,0.9644670050761421,0.9299079211427222,0.8700564971751412,0.9767884547278951,0.9193327479894848,0.03778474446195049,380,14,9,77
anxiety,caregiver,caregiver_2_3,anxiety__caregiver_2_3__hybrid_rf_max_real_metrics_v1__rf__same_inputs_v10,anxiety__caregiver_2_3__hybrid_rf_max_real_metrics_v1__rf__same_inputs_v10,C:\Users\andre\Documents\Workspace Academic\Backend Tesis\cognia_app_rf_max_real_metrics\models\active_modes\anxiety__caregiver_2_3__hybrid_rf_max_real_metrics_v1__rf__same_inputs_v10\pipeline.joblib,worktree_rf_max_real_metrics,5b48816f3702126ff2fcc8159134db02a87677f5d4fb02e9a423dd125444a682,0.5509721185330153,59,adhd_hypimp_01_fidgets|adhd_hypimp_02_leaves_seat|adhd_hypimp_04_cannot_play_quietly|adhd_hypimp_05_driven_by_motor|adhd_hypimp_06_talks_excessively|adhd_inatt_02_sustained_attention_difficulty|adhd_inatt_03_seems_not_listening|adhd_inatt_07_loses_things|age_years|agor_avoid_or_need_companion|agor_duration_months|agor_escape_help_cognition|agor_fear_01_public_transport|agor_fear_02_open_spaces|agor_fear_03_enclosed_spaces|agor_impairment|dmdd_duration_months|dmdd_irritable_between_outbursts|dmdd_outbursts_frequency_per_week|gad_assoc_01_restlessness|gad_assoc_02_fatigue|gad_assoc_03_concentration_difficulty|gad_assoc_04_irritability|gad_assoc_05_muscle_tension|gad_assoc_06_sleep_problems|gad_difficulty_controlling_worry|gad_duration_months|gad_excessive_worry_multiple_areas|gad_impairment|mdd_01_depressed_or_irritable_mood|mdd_02_loss_of_interest_or_pleasure|mdd_03_weight_or_appetite_change|mdd_04_sleep_change|mdd_05_psychomotor_change|mdd_06_fatigue_or_low_energy|mdd_07_worthlessness_or_excessive_guilt|mdd_08_concentration_or_decision_difficulty|mdd_09_death_or_suicidal_thoughts|mdd_duration_weeks|mdd_impairment|pdd_duration_months_child|sep_anx_01_distress_on_separation|sep_anx_02_worry_losing_attachment_figures|sep_anx_03_worry_event_causing_separation|sep_anx_04_refuses_leaving_home_school|sep_anx_05_fear_being_alone_without_attachment|sep_anx_06_refuses_sleep_away_or_alone|sep_anx_07_separation_nightmares|sep_anx_08_physical_complaints_on_separation|sep_anx_duration_weeks|sep_anx_impairment|social_anxiety_almost_always_triggered|social_anxiety_avoid_or_endure_intense|social_anxiety_duration_months|social_anxiety_fear_being_observed|social_anxiety_fear_interactions|social_anxiety_fear_negative_evaluation|social_anxiety_fear_performance|social_anxiety_impairment,yes,yes,,0.3788099724876984,0.13818277220413935,0.17291666666666666,480,86,394,0.8554216867469879,0.8255813953488372,0.9695431472081218,0.8975622712784795,0.8402366863905325,0.9643637114862472,0.8985296515822613,0.1324680784221708,382,12,15,71
anxiety,caregiver,caregiver_full,anxiety__caregiver_full__hybrid_rf_max_real_metrics_v1__rf__same_inputs_v10,anxiety__caregiver_full__hybrid_rf_max_real_metrics_v1__rf__same_inputs_v10,C:\Users\andre\Documents\Workspace Academic\Backend Tesis\cognia_app_rf_max_real_metrics\models\active_modes\anxiety__caregiver_full__hybrid_rf_max_real_metrics_v1__rf__same_inputs_v10\pipeline.joblib,worktree_rf_max_real_metrics,a95315eaafceb122185f0680f16dfb2063ea97bff576fa83bdefeb6cdebd19f6,0.5299999999999999,126,adhd_context_home|adhd_context_other|adhd_context_school|adhd_hypimp_01_fidgets|adhd_hypimp_02_leaves_seat|adhd_hypimp_03_runs_or_climbs_inappropriately|adhd_hypimp_04_cannot_play_quietly|adhd_hypimp_05_driven_by_motor|adhd_hypimp_06_talks_excessively|adhd_hypimp_07_blurts_out|adhd_hypimp_08_difficulty_waiting_turn|adhd_hypimp_09_interrupts_intrudes|adhd_impairment_home|adhd_impairment_school|adhd_impairment_social|adhd_inatt_01_attention_to_detail_errors|adhd_inatt_02_sustained_attention_difficulty|adhd_inatt_03_seems_not_listening|adhd_inatt_04_fails_to_finish_tasks|adhd_inatt_05_organization_difficulty|adhd_inatt_06_avoids_sustained_effort|adhd_inatt_07_loses_things|adhd_inatt_08_easily_distracted|adhd_inatt_09_forgetful_daily_activities|adhd_onset_before_12|age_years|agor_almost_always_triggered|agor_avoid_or_need_companion|agor_duration_months|agor_escape_help_cognition|agor_fear_01_public_transport|agor_fear_02_open_spaces|agor_fear_03_enclosed_spaces|agor_fear_04_crowds_queues|agor_fear_05_outside_home_alone|agor_impairment|conduct_01_bullies_threatens_intimidates|conduct_02_initiates_fights|conduct_03_weapon_use|conduct_04_physical_cruelty_people|conduct_05_physical_cruelty_animals|conduct_06_steals_confronting_victim|conduct_07_forced_sex|conduct_08_fire_setting|conduct_09_property_destruction|conduct_10_breaks_into_house_building_car|conduct_11_lies_to_obtain_or_avoid|conduct_12_steals_without_confrontation|conduct_13_stays_out_at_night_before_13|conduct_14_runs_away_overnight|conduct_15_truancy_before_13|conduct_impairment_global|conduct_lpe_01_lack_remorse_guilt|conduct_lpe_02_callous_lack_empathy|conduct_lpe_03_unconcerned_performance|conduct_lpe_04_shallow_deficient_affect|conduct_onset_before_10|dmdd_context_home|dmdd_context_peers|dmdd_context_school|dmdd_duration_months|dmdd_irritable_between_outbursts|dmdd_onset_before_10|dmdd_outbursts_frequency_per_week|dmdd_outbursts_severity|encopresis_constipation_present|encopresis_duration_months_consecutive|encopresis_event_frequency_per_month|encopresis_visible_deposition_pattern|enuresis_distress_impairment|enuresis_diurnal|enuresis_duration_months_consecutive|enuresis_event_frequency_per_week|enuresis_nocturnal|enuresis_primary_course|enuresis_secondary_course|gad_assoc_01_restlessness|gad_assoc_02_fatigue|gad_assoc_03_concentration_difficulty|gad_assoc_04_irritability|gad_assoc_05_muscle_tension|gad_assoc_06_sleep_problems|gad_difficulty_controlling_worry|gad_duration_months|gad_excessive_worry_multiple_areas|gad_impairment|mdd_01_depressed_or_irritable_mood|mdd_02_loss_of_interest_or_pleasure|mdd_03_weight_or_appetite_change|mdd_04_sleep_change|mdd_05_psychomotor_change|mdd_06_fatigue_or_low_energy|mdd_07_worthlessness_or_excessive_guilt|mdd_08_concentration_or_decision_difficulty|mdd_09_death_or_suicidal_thoughts|mdd_duration_weeks|mdd_impairment|pdd_01_appetite_change|pdd_02_sleep_change|pdd_03_low_energy|pdd_04_low_self_esteem|pdd_05_concentration_difficulty|pdd_06_hopelessness|pdd_depressed_or_irritable_mood|pdd_duration_months_child|pdd_impairment|pdd_no_gap_gt_2_months|sep_anx_01_distress_on_separation|sep_anx_02_worry_losing_attachment_figures|sep_anx_03_worry_event_causing_separation|sep_anx_04_refuses_leaving_home_school|sep_anx_05_fear_being_alone_without_attachment|sep_anx_06_refuses_sleep_away_or_alone|sep_anx_07_separation_nightmares|sep_anx_08_physical_complaints_on_separation|sep_anx_duration_weeks|sep_anx_impairment|social_anxiety_almost_always_triggered|social_anxiety_avoid_or_endure_intense|social_anxiety_children_peer_only_flag|social_anxiety_duration_months|social_anxiety_fear_being_observed|social_anxiety_fear_interactions|social_anxiety_fear_negative_evaluation|social_anxiety_fear_performance|social_anxiety_impairment,yes,yes,,0.37721844198406296,0.13103141261016768,0.17708333333333334,480,86,394,0.8235294117647058,0.813953488372093,0.9619289340101523,0.8879412111911227,0.8187134502923976,0.9536654468185574,0.8531067850920091,0.1363188022729681,379,15,16,70
anxiety,psychologist,psychologist_1_3,anxiety__psychologist_1_3__hybrid_rf_max_real_metrics_v1__rf__same_inputs_v10,anxiety__psychologist_1_3__hybrid_rf_max_real_metrics_v1__rf__same_inputs_v10,C:\Users\andre\Documents\Workspace Academic\Backend Tesis\cognia_app_rf_max_real_metrics\models\active_modes\anxiety__psychologist_1_3__hybrid_rf_max_real_metrics_v1__rf__same_inputs_v10\pipeline.joblib,worktree_rf_max_real_metrics,aad6486b704774d788d5d0cbcd9da0ae6422d4b5411c28bfb8afe13042ac0aed,0.5336125226848083,14,gad_difficulty_controlling_worry|gad_excessive_worry_multiple_areas|sep_anx_01_distress_on_separation|sep_anx_02_worry_losing_attachment_figures|sep_anx_03_worry_event_causing_separation|sep_anx_04_refuses_leaving_home_school|sep_anx_05_fear_being_alone_without_attachment|sep_anx_06_refuses_sleep_away_or_alone|sep_anx_07_separation_nightmares|sep_anx_08_physical_complaints_on_separation|social_anxiety_almost_always_triggered|social_anxiety_avoid_or_endure_intense|social_anxiety_fear_being_observed|social_anxiety_fear_interactions,yes,yes,,0.3573079380508146,0.15965514748663853,0.175,480,86,394,0.8452380952380952,0.8255813953488372,0.9670050761421319,0.8962932357454846,0.8352941176470589,0.9639652933537952,0.8800940637253928,0.11958115342547092,381,13,15,71
anxiety,psychologist,psychologist_2_3,anxiety__psychologist_2_3__hybrid_rf_max_real_metrics_v1__rf__same_inputs_v10,anxiety__psychologist_2_3__hybrid_rf_max_real_metrics_v1__rf__same_inputs_v10,C:\Users\andre\Documents\Workspace Academic\Backend Tesis\cognia_app_rf_max_real_metrics\models\active_modes\anxiety__psychologist_2_3__hybrid_rf_max_real_metrics_v1__rf__same_inputs_v10\pipeline.joblib,worktree_rf_max_real_metrics,e28263514f35aa77918f7ab16270122f1225db95292346cd98a4a9590f5e3aee,0.5394416137058918,60,adhd_hypimp_01_fidgets|adhd_hypimp_02_leaves_seat|adhd_hypimp_05_driven_by_motor|adhd_hypimp_07_blurts_out|adhd_impairment_home|adhd_impairment_school|adhd_impairment_social|age_years|agor_avoid_or_need_companion|agor_duration_months|agor_escape_help_cognition|agor_fear_01_public_transport|agor_fear_02_open_spaces|agor_fear_03_enclosed_spaces|agor_fear_04_crowds_queues|agor_fear_05_outside_home_alone|agor_impairment|dmdd_duration_months|dmdd_outbursts_frequency_per_week|gad_assoc_01_restlessness|gad_assoc_02_fatigue|gad_assoc_03_concentration_difficulty|gad_assoc_04_irritability|gad_assoc_05_muscle_tension|gad_assoc_06_sleep_problems|gad_difficulty_controlling_worry|gad_duration_months|gad_excessive_worry_multiple_areas|gad_impairment|mdd_01_depressed_or_irritable_mood|mdd_02_loss_of_interest_or_pleasure|mdd_03_weight_or_appetite_change|mdd_04_sleep_change|mdd_05_psychomotor_change|mdd_06_fatigue_or_low_energy|mdd_07_worthlessness_or_excessive_guilt|mdd_08_concentration_or_decision_difficulty|mdd_09_death_or_suicidal_thoughts|mdd_duration_weeks|mdd_impairment|pdd_depressed_or_irritable_mood|pdd_duration_months_child|sep_anx_01_distress_on_separation|sep_anx_02_worry_losing_attachment_figures|sep_anx_03_worry_event_causing_separation|sep_anx_04_refuses_leaving_home_school|sep_anx_05_fear_being_alone_without_attachment|sep_anx_06_refuses_sleep_away_or_alone|sep_anx_07_separation_nightmares|sep_anx_08_physical_complaints_on_separation|sep_anx_duration_weeks|sep_anx_impairment|social_anxiety_almost_always_triggered|social_anxiety_avoid_or_endure_intense|social_anxiety_duration_months|social_anxiety_fear_being_observed|social_anxiety_fear_interactions|social_anxiety_fear_negative_evaluation|social_anxiety_fear_performance|social_anxiety_impairment,yes,yes,,0.36279942791271375,0.15087375463885186,0.17916666666666667,480,86,394,0.8372093023255814,0.8372093023255814,0.9644670050761421,0.9008381537008618,0.8372093023255814,0.9733945224884901,0.89612205748892,0.12154854311232437,380,14,14,72
anxiety,psychologist,psychologist_full,anxiety__psychologist_full__hybrid_final_rf_plus_maximize_metrics_v1__rf__same_inputs_v11,anxiety__psychologist_full__hybrid_final_rf_plus_maximize_metrics_v1__rf__same_inputs_v11,C:\Users\andre\Documents\Workspace Academic\Backend Tesis\cognia_app_final_rf_plus_maximize\models\active_modes\anxiety__psychologist_full__hybrid_final_rf_plus_maximize_metrics_v1__rf__same_inputs_v11\pipeline.joblib,worktree_final_rf_plus,3df384063581ad504667e2d8c794f917fed1a32fa23a6a49ad4874d0bfd0f960,0.5279665721525749,151,sep_anx_impairment|sep_anx_duration_weeks|agor_escape_help_cognition|sep_anx_07_separation_nightmares|gad_difficulty_controlling_worry|social_anxiety_duration_months|gad_duration_months|agor_impairment|social_anxiety_almost_always_triggered|agor_avoid_or_need_companion|gad_excessive_worry_multiple_areas|sep_anx_04_refuses_leaving_home_school|social_anxiety_fear_negative_evaluation|gad_assoc_06_sleep_problems|sep_anx_08_physical_complaints_on_separation|sep_anx_02_worry_losing_attachment_figures|gad_assoc_01_restlessness|social_anxiety_fear_being_observed|sep_anx_05_fear_being_alone_without_attachment|sep_anx_03_worry_event_causing_separation|social_anxiety_avoid_or_endure_intense|sep_anx_01_distress_on_separation|gad_assoc_05_muscle_tension|sep_anx_06_refuses_sleep_away_or_alone|gad_impairment|gad_assoc_03_concentration_difficulty|social_anxiety_fear_interactions|gad_assoc_02_fatigue|social_anxiety_fear_performance|gad_assoc_04_irritability|social_anxiety_impairment|adhd_hypimp_03_runs_or_climbs_inappropriately|adhd_hypimp_02_leaves_seat|adhd_hypimp_01_fidgets|adhd_hypimp_07_blurts_out|adhd_hypimp_04_cannot_play_quietly|agor_fear_05_outside_home_alone|adhd_hypimp_09_interrupts_intrudes|adhd_inatt_02_sustained_attention_difficulty|adhd_hypimp_05_driven_by_motor|adhd_hypimp_06_talks_excessively|adhd_inatt_01_attention_to_detail_errors|adhd_hypimp_08_difficulty_waiting_turn|adhd_inatt_04_fails_to_finish_tasks|adhd_inatt_03_seems_not_listening|adhd_inatt_06_avoids_sustained_effort|adhd_inatt_05_organization_difficulty|agor_duration_months|adhd_inatt_07_loses_things|adhd_inatt_08_easily_distracted|adhd_inatt_09_forgetful_daily_activities|conduct_02_initiates_fights|conduct_01_bullies_threatens_intimidates|agor_fear_01_public_transport|conduct_03_weapon_use|agor_fear_03_enclosed_spaces|conduct_07_forced_sex|conduct_04_physical_cruelty_people|agor_fear_04_crowds_queues|conduct_05_physical_cruelty_animals|mdd_01_depressed_or_irritable_mood|conduct_06_steals_confronting_victim|mdd_08_concentration_or_decision_difficulty|conduct_09_property_destruction|conduct_10_breaks_into_house_building_car|conduct_08_fire_setting|agor_fear_02_open_spaces|agor_almost_always_triggered|conduct_12_steals_without_confrontation|conduct_11_lies_to_obtain_or_avoid|mdd_04_sleep_change|conduct_13_stays_out_at_night_before_13|conduct_15_truancy_before_13|mdd_03_weight_or_appetite_change|conduct_14_runs_away_overnight|dmdd_outbursts_frequency_per_week|mdd_02_loss_of_interest_or_pleasure|mdd_06_fatigue_or_low_energy|encopresis_event_frequency_per_month|dmdd_irritable_between_outbursts|mdd_09_death_or_suicidal_thoughts|mdd_05_psychomotor_change|enuresis_event_frequency_per_week|mdd_07_worthlessness_or_excessive_guilt|mdd_duration_weeks|adhd_impairment_home|age_years|mdd_impairment|pdd_duration_months_child|pdd_depressed_or_irritable_mood|dmdd_outbursts_severity|agor_not_better_explained|gad_not_better_explained|gad_not_due_substance_medical|sep_anx_not_better_explained|social_anxiety_not_better_explained|social_anxiety_not_due_substance_medical|pdd_03_low_energy|pdd_01_appetite_change|pdd_02_sleep_change|pdd_impairment|pdd_05_concentration_difficulty|pdd_06_hopelessness|pdd_04_low_self_esteem|social_anxiety_children_peer_only_flag|adhd_impairment_school|conduct_impairment_global|adhd_impairment_social|enuresis_distress_impairment|adhd_context_home|adhd_context_school|agor_not_excessive_due_medical|agor_disproportionate|dmdd_duration_months|encopresis_duration_months_consecutive|social_anxiety_disproportionate|enuresis_duration_months_consecutive|adhd_onset_before_12|dmdd_onset_before_10|adhd_context_other|dmdd_context_peers|dmdd_context_school|dmdd_context_home|adhd_not_better_explained_other_mental|adhd_not_psychosis_exclusive|enuresis_not_due_substance_medical|encopresis_not_due_substance_medical|dmdd_no_mania_hypomania|dmdd_not_better_explained|dmdd_no_substance_medical|mdd_no_mania_hypomania_history|pdd_no_mania_hypomania|mdd_not_due_substance_medical|mdd_not_psychotic_explained|pdd_no_substance_medical|conduct_onset_before_10|pdd_no_gap_gt_2_months|conduct_lpe_02_callous_lack_empathy|conduct_lpe_04_shallow_deficient_affect|conduct_lpe_01_lack_remorse_guilt|conduct_lpe_03_unconcerned_performance|encopresis_constipation_present|enuresis_diurnal|enuresis_nocturnal|encopresis_overflow_incontinence|dmdd_developmentally_inappropriate|enuresis_secondary_course|enuresis_primary_course|pdd_no_psychotic_explained|encopresis_visible_deposition_pattern|conduct_no_antisocial_personality_if_18plus,yes,yes,,0.40244126263260976,0.09612731480014555,0.14166666666666666,480,86,394,0.8676470588235294,0.686046511627907,0.9771573604060914,0.8316019360169992,0.7662337662337663,0.9554952189824106,0.8598799565788883,0.1582824747037536,385,9,27,59
conduct,caregiver,caregiver_1_3,conduct__caregiver_1_3__hybrid_rf_max_real_metrics_v1__rf__same_inputs_v10,conduct__caregiver_1_3__hybrid_rf_max_real_metrics_v1__rf__same_inputs_v10,C:\Users\andre\Documents\Workspace Academic\Backend Tesis\cognia_app_rf_max_real_metrics\models\active_modes\conduct__caregiver_1_3__hybrid_rf_max_real_metrics_v1__rf__same_inputs_v10\pipeline.joblib,worktree_rf_max_real_metrics,46d44d802190dfa37f2961ca1b8fd103084ebba2b1b7f596533db7fa6e781e5b,0.4899999999999999,20,adhd_inatt_04_fails_to_finish_tasks|adhd_inatt_06_avoids_sustained_effort|adhd_inatt_07_loses_things|adhd_inatt_08_easily_distracted|conduct_01_bullies_threatens_intimidates|conduct_02_initiates_fights|conduct_03_weapon_use|conduct_04_physical_cruelty_people|conduct_05_physical_cruelty_animals|conduct_06_steals_confronting_victim|conduct_07_forced_sex|conduct_08_fire_setting|conduct_09_property_destruction|conduct_10_breaks_into_house_building_car|conduct_11_lies_to_obtain_or_avoid|conduct_12_steals_without_confrontation|conduct_13_stays_out_at_night_before_13|conduct_14_runs_away_overnight|conduct_15_truancy_before_13|dmdd_irritable_between_outbursts,yes,yes,,0.3705140091528689,0.3882355193625332,0.36875,480,160,320,0.847457627118644,0.9375,0.915625,0.9265625,0.8902077151335311,0.9798046875,0.9551823306213615,0.057866313543761684,293,27,10,150
conduct,caregiver,caregiver_2_3,conduct__caregiver_2_3__hybrid_final_rf_plus_maximize_metrics_v1__rf__same_inputs_v11,conduct__caregiver_2_3__hybrid_final_rf_plus_maximize_metrics_v1__rf__same_inputs_v11,C:\Users\andre\Documents\Workspace Academic\Backend Tesis\cognia_app_final_rf_plus_maximize\models\active_modes\conduct__caregiver_2_3__hybrid_final_rf_plus_maximize_metrics_v1__rf__same_inputs_v11\pipeline.joblib,worktree_final_rf_plus,8a53a9f419a935a18e1751f15d5ea5f21d41e487662426ff2ff087ef82177a77,0.5199999999999999,49,adhd_context_home|adhd_hypimp_01_fidgets|adhd_hypimp_02_leaves_seat|adhd_hypimp_03_runs_or_climbs_inappropriately|adhd_hypimp_04_cannot_play_quietly|adhd_hypimp_05_driven_by_motor|adhd_hypimp_06_talks_excessively|adhd_hypimp_07_blurts_out|adhd_hypimp_08_difficulty_waiting_turn|adhd_hypimp_09_interrupts_intrudes|adhd_impairment_home|adhd_impairment_school|adhd_impairment_social|adhd_inatt_01_attention_to_detail_errors|adhd_inatt_02_sustained_attention_difficulty|adhd_inatt_03_seems_not_listening|adhd_inatt_04_fails_to_finish_tasks|adhd_inatt_05_organization_difficulty|adhd_inatt_06_avoids_sustained_effort|adhd_inatt_07_loses_things|adhd_inatt_08_easily_distracted|adhd_inatt_09_forgetful_daily_activities|age_years|agor_duration_months|conduct_01_bullies_threatens_intimidates|conduct_02_initiates_fights|conduct_03_weapon_use|conduct_04_physical_cruelty_people|conduct_05_physical_cruelty_animals|conduct_06_steals_confronting_victim|conduct_07_forced_sex|conduct_08_fire_setting|conduct_09_property_destruction|conduct_10_breaks_into_house_building_car|conduct_11_lies_to_obtain_or_avoid|conduct_12_steals_without_confrontation|conduct_13_stays_out_at_night_before_13|conduct_14_runs_away_overnight|conduct_15_truancy_before_13|conduct_impairment_global|dmdd_duration_months|dmdd_irritable_between_outbursts|dmdd_outbursts_frequency_per_week|mdd_05_psychomotor_change|mdd_06_fatigue_or_low_energy|mdd_09_death_or_suicidal_thoughts|mdd_duration_weeks|mdd_impairment|social_anxiety_duration_months,yes,yes,,0.47092391352354546,0.17851121752788363,0.38333333333333336,480,160,320,0.8097826086956522,0.93125,0.890625,0.9109375,0.8662790697674418,0.9770117187499999,0.9555356459496309,0.13243846071014648,285,35,11,149
conduct,caregiver,caregiver_full,conduct__caregiver_full__hybrid_final_rf_plus_maximize_metrics_v1__rf__same_inputs_v11,conduct__caregiver_full__hybrid_final_rf_plus_maximize_metrics_v1__rf__same_inputs_v11,C:\Users\andre\Documents\Workspace Academic\Backend Tesis\cognia_app_final_rf_plus_maximize\models\active_modes\conduct__caregiver_full__hybrid_final_rf_plus_maximize_metrics_v1__rf__same_inputs_v11\pipeline.joblib,worktree_final_rf_plus,71e42f018d58f95da92ed78df2a6579632349781608404b1f43239dfb81d453d,0.58,47,adhd_hypimp_01_fidgets|adhd_hypimp_04_cannot_play_quietly|adhd_hypimp_05_driven_by_motor|adhd_hypimp_06_talks_excessively|adhd_hypimp_07_blurts_out|adhd_hypimp_08_difficulty_waiting_turn|adhd_hypimp_09_interrupts_intrudes|adhd_impairment_home|adhd_impairment_school|adhd_impairment_social|adhd_inatt_01_attention_to_detail_errors|adhd_inatt_02_sustained_attention_difficulty|adhd_inatt_03_seems_not_listening|adhd_inatt_04_fails_to_finish_tasks|adhd_inatt_05_organization_difficulty|adhd_inatt_06_avoids_sustained_effort|adhd_inatt_07_loses_things|adhd_inatt_08_easily_distracted|adhd_inatt_09_forgetful_daily_activities|age_years|conduct_01_bullies_threatens_intimidates|conduct_02_initiates_fights|conduct_03_weapon_use|conduct_04_physical_cruelty_people|conduct_05_physical_cruelty_animals|conduct_06_steals_confronting_victim|conduct_07_forced_sex|conduct_08_fire_setting|conduct_09_property_destruction|conduct_10_breaks_into_house_building_car|conduct_11_lies_to_obtain_or_avoid|conduct_12_steals_without_confrontation|conduct_13_stays_out_at_night_before_13|conduct_14_runs_away_overnight|conduct_15_truancy_before_13|dmdd_duration_months|dmdd_irritable_between_outbursts|dmdd_outbursts_frequency_per_week|dmdd_outbursts_severity|eng_adhd_context_spread|eng_adhd_core_mean|eng_anxiety_core_mean|eng_depression_core_mean|eng_elimination_intensity|eng_externalizing_index|eng_internalizing_index|eng_mood_discrepancy,yes,yes,,0.3562681431956424,0.39419865094997286,0.3416666666666667,480,160,320,0.8658536585365854,0.8875,0.93125,0.909375,0.8765432098765432,0.9742578125000001,0.9444381405188534,0.062264566429061724,298,22,18,142
conduct,psychologist,psychologist_1_3,conduct__psychologist_1_3__hybrid_rf_max_real_metrics_v1__rf__same_inputs_v10,conduct__psychologist_1_3__hybrid_rf_max_real_metrics_v1__rf__same_inputs_v10,C:\Users\andre\Documents\Workspace Academic\Backend Tesis\cognia_app_rf_max_real_metrics\models\active_modes\conduct__psychologist_1_3__hybrid_rf_max_real_metrics_v1__rf__same_inputs_v10\pipeline.joblib,worktree_rf_max_real_metrics,0bd992ccba42badc8947280d443eab8b5706bb023fd0fe86c2c78b8af4ae1142,0.4599999999999999,27,adhd_hypimp_04_cannot_play_quietly|adhd_hypimp_05_driven_by_motor|adhd_hypimp_07_blurts_out|adhd_hypimp_08_difficulty_waiting_turn|adhd_inatt_01_attention_to_detail_errors|adhd_inatt_04_fails_to_finish_tasks|adhd_inatt_05_organization_difficulty|adhd_inatt_06_avoids_sustained_effort|adhd_inatt_07_loses_things|adhd_inatt_08_easily_distracted|conduct_01_bullies_threatens_intimidates|conduct_02_initiates_fights|conduct_03_weapon_use|conduct_04_physical_cruelty_people|conduct_05_physical_cruelty_animals|conduct_06_steals_confronting_victim|conduct_07_forced_sex|conduct_08_fire_setting|conduct_09_property_destruction|conduct_10_breaks_into_house_building_car|conduct_11_lies_to_obtain_or_avoid|conduct_12_steals_without_confrontation|conduct_13_stays_out_at_night_before_13|conduct_14_runs_away_overnight|conduct_15_truancy_before_13|dmdd_irritable_between_outbursts|dmdd_outbursts_frequency_per_week,yes,yes,,0.36965055372441286,0.3867636440820534,0.375,480,160,320,0.8388888888888889,0.94375,0.909375,0.9265625,0.888235294117647,0.978828125,0.9555839908013486,0.058995019228393855,291,29,9,151
conduct,psychologist,psychologist_2_3,conduct__psychologist_2_3__hybrid_final_rf_plus_maximize_metrics_v1__rf__same_inputs_v11,conduct__psychologist_2_3__hybrid_final_rf_plus_maximize_metrics_v1__rf__same_inputs_v11,C:\Users\andre\Documents\Workspace Academic\Backend Tesis\cognia_app_final_rf_plus_maximize\models\active_modes\conduct__psychologist_2_3__hybrid_final_rf_plus_maximize_metrics_v1__rf__same_inputs_v11\pipeline.joblib,worktree_final_rf_plus,6a159c97be2978793bc41ccdae6330f6552d5e43a15174c5d8c2a5a8cc7669a5,0.59,43,adhd_hypimp_03_runs_or_climbs_inappropriately|adhd_hypimp_04_cannot_play_quietly|adhd_hypimp_05_driven_by_motor|adhd_hypimp_08_difficulty_waiting_turn|adhd_hypimp_09_interrupts_intrudes|adhd_impairment_home|adhd_impairment_school|adhd_impairment_social|adhd_inatt_01_attention_to_detail_errors|adhd_inatt_02_sustained_attention_difficulty|adhd_inatt_03_seems_not_listening|adhd_inatt_05_organization_difficulty|adhd_inatt_06_avoids_sustained_effort|adhd_inatt_07_loses_things|adhd_inatt_08_easily_distracted|adhd_inatt_09_forgetful_daily_activities|age_years|conduct_01_bullies_threatens_intimidates|conduct_02_initiates_fights|conduct_03_weapon_use|conduct_04_physical_cruelty_people|conduct_05_physical_cruelty_animals|conduct_06_steals_confronting_victim|conduct_07_forced_sex|conduct_08_fire_setting|conduct_09_property_destruction|conduct_10_breaks_into_house_building_car|conduct_11_lies_to_obtain_or_avoid|conduct_12_steals_without_confrontation|conduct_13_stays_out_at_night_before_13|conduct_14_runs_away_overnight|conduct_15_truancy_before_13|dmdd_duration_months|dmdd_irritable_between_outbursts|dmdd_outbursts_frequency_per_week|eng_adhd_context_spread|eng_adhd_core_mean|eng_anxiety_core_mean|eng_depression_core_mean|eng_elimination_intensity|eng_externalizing_index|eng_internalizing_index|eng_mood_discrepancy,yes,yes,,0.3637822646038091,0.3988290196506267,0.3416666666666667,480,160,320,0.8658536585365854,0.8875,0.93125,0.909375,0.8765432098765432,0.9752148437499999,0.9491031031044495,0.06207127420985166,298,22,18,142
conduct,psychologist,psychologist_full,conduct__psychologist_full__hybrid_final_rf_plus_maximize_metrics_v1__rf__same_inputs_v11,conduct__psychologist_full__hybrid_final_rf_plus_maximize_metrics_v1__rf__same_inputs_v11,C:\Users\andre\Documents\Workspace Academic\Backend Tesis\cognia_app_final_rf_plus_maximize\models\active_modes\conduct__psychologist_full__hybrid_final_rf_plus_maximize_metrics_v1__rf__same_inputs_v11\pipeline.joblib,worktree_final_rf_plus,fa3f8911e85098bf4683d6e36af273b11eb934f44722102ea47bb34b92763295,0.5399999999999999,56,adhd_context_home|adhd_hypimp_01_fidgets|adhd_hypimp_02_leaves_seat|adhd_hypimp_03_runs_or_climbs_inappropriately|adhd_hypimp_04_cannot_play_quietly|adhd_hypimp_05_driven_by_motor|adhd_hypimp_06_talks_excessively|adhd_hypimp_07_blurts_out|adhd_hypimp_08_difficulty_waiting_turn|adhd_hypimp_09_interrupts_intrudes|adhd_impairment_home|adhd_impairment_school|adhd_impairment_social|adhd_inatt_01_attention_to_detail_errors|adhd_inatt_02_sustained_attention_difficulty|adhd_inatt_03_seems_not_listening|adhd_inatt_04_fails_to_finish_tasks|adhd_inatt_05_organization_difficulty|adhd_inatt_06_avoids_sustained_effort|adhd_inatt_07_loses_things|adhd_inatt_08_easily_distracted|adhd_inatt_09_forgetful_daily_activities|age_years|agor_duration_months|conduct_01_bullies_threatens_intimidates|conduct_02_initiates_fights|conduct_03_weapon_use|conduct_04_physical_cruelty_people|conduct_05_physical_cruelty_animals|conduct_06_steals_confronting_victim|conduct_07_forced_sex|conduct_08_fire_setting|conduct_09_property_destruction|conduct_10_breaks_into_house_building_car|conduct_11_lies_to_obtain_or_avoid|conduct_12_steals_without_confrontation|conduct_13_stays_out_at_night_before_13|conduct_14_runs_away_overnight|conduct_15_truancy_before_13|dmdd_duration_months|dmdd_irritable_between_outbursts|dmdd_outbursts_frequency_per_week|dmdd_outbursts_severity|eng_adhd_context_spread|eng_adhd_core_mean|eng_anxiety_core_mean|eng_depression_core_mean|eng_elimination_intensity|eng_externalizing_index|eng_internalizing_index|eng_mood_discrepancy|mdd_05_psychomotor_change|mdd_06_fatigue_or_low_energy|mdd_duration_weeks|mdd_impairment|pdd_05_concentration_difficulty,yes,yes,,0.355087202840551,0.39322545599786385,0.34791666666666665,480,160,320,0.8562874251497006,0.89375,0.925,0.909375,0.8746177370030581,0.9748046875,0.9484107860246479,0.062206107554836056,296,24,17,143
depression,caregiver,caregiver_1_3,depression__caregiver_1_3__hybrid_final_rf_plus_maximize_metrics_v1__rf__same_inputs_v11,depression__caregiver_1_3__hybrid_final_rf_plus_maximize_metrics_v1__rf__same_inputs_v11,C:\Users\andre\Documents\Workspace Academic\Backend Tesis\cognia_app_final_rf_plus_maximize\models\active_modes\depression__caregiver_1_3__hybrid_final_rf_plus_maximize_metrics_v1__rf__same_inputs_v11\pipeline.joblib,worktree_final_rf_plus,afffd2031303ec9fc1ae96dd634be292704f40c455255f5d1e698ff351ab0991,0.5399999999999999,42,mdd_duration_weeks|mdd_impairment|mdd_01_depressed_or_irritable_mood|pdd_duration_months_child|pdd_depressed_or_irritable_mood|mdd_02_loss_of_interest_or_pleasure|mdd_03_weight_or_appetite_change|mdd_09_death_or_suicidal_thoughts|mdd_05_psychomotor_change|mdd_08_concentration_or_decision_difficulty|mdd_06_fatigue_or_low_energy|mdd_07_worthlessness_or_excessive_guilt|dmdd_irritable_between_outbursts|mdd_04_sleep_change|dmdd_outbursts_frequency_per_week|adhd_hypimp_04_cannot_play_quietly|adhd_hypimp_02_leaves_seat|dmdd_duration_months|pdd_impairment|adhd_hypimp_01_fidgets|adhd_hypimp_03_runs_or_climbs_inappropriately|adhd_hypimp_05_driven_by_motor|adhd_hypimp_09_interrupts_intrudes|adhd_hypimp_06_talks_excessively|adhd_inatt_01_attention_to_detail_errors|adhd_hypimp_07_blurts_out|conduct_02_initiates_fights|adhd_hypimp_08_difficulty_waiting_turn|adhd_inatt_04_fails_to_finish_tasks|adhd_inatt_03_seems_not_listening|adhd_inatt_02_sustained_attention_difficulty|conduct_11_lies_to_obtain_or_avoid|adhd_inatt_05_organization_difficulty|conduct_03_weapon_use|conduct_05_physical_cruelty_animals|conduct_09_property_destruction|adhd_inatt_06_avoids_sustained_effort|adhd_inatt_07_loses_things|adhd_inatt_08_easily_distracted|conduct_01_bullies_threatens_intimidates|adhd_inatt_09_forgetful_daily_activities|conduct_04_physical_cruelty_people,yes,yes,,0.22485604234661086,0.3255032687385956,0.19583333333333333,480,82,398,0.8085106382978723,0.926829268292683,0.9547738693467337,0.9408015688197083,0.8636363636363636,0.9770805245740899,0.8381279998498211,0.05174349233009249,380,18,6,76
depression,caregiver,caregiver_2_3,depression__caregiver_2_3__hybrid_final_rf_plus_maximize_metrics_v1__rf__same_inputs_v11,depression__caregiver_2_3__hybrid_final_rf_plus_maximize_metrics_v1__rf__same_inputs_v11,C:\Users\andre\Documents\Workspace Academic\Backend Tesis\cognia_app_final_rf_plus_maximize\models\active_modes\depression__caregiver_2_3__hybrid_final_rf_plus_maximize_metrics_v1__rf__same_inputs_v11\pipeline.joblib,worktree_final_rf_plus,3f50b424695fe2436316e103068cee50c8ef28d68581587a9de9616e0083ec66,0.5199999999999999,69,mdd_duration_weeks|mdd_impairment|mdd_01_depressed_or_irritable_mood|pdd_duration_months_child|pdd_depressed_or_irritable_mood|mdd_02_loss_of_interest_or_pleasure|mdd_03_weight_or_appetite_change|mdd_09_death_or_suicidal_thoughts|mdd_05_psychomotor_change|mdd_08_concentration_or_decision_difficulty|mdd_06_fatigue_or_low_energy|mdd_07_worthlessness_or_excessive_guilt|dmdd_irritable_between_outbursts|mdd_04_sleep_change|dmdd_outbursts_frequency_per_week|adhd_hypimp_04_cannot_play_quietly|adhd_hypimp_02_leaves_seat|dmdd_duration_months|pdd_impairment|adhd_hypimp_01_fidgets|adhd_hypimp_03_runs_or_climbs_inappropriately|adhd_hypimp_05_driven_by_motor|adhd_hypimp_09_interrupts_intrudes|adhd_hypimp_06_talks_excessively|adhd_inatt_01_attention_to_detail_errors|adhd_hypimp_07_blurts_out|conduct_02_initiates_fights|adhd_hypimp_08_difficulty_waiting_turn|adhd_inatt_04_fails_to_finish_tasks|adhd_inatt_03_seems_not_listening|adhd_inatt_02_sustained_attention_difficulty|conduct_11_lies_to_obtain_or_avoid|adhd_inatt_05_organization_difficulty|conduct_03_weapon_use|conduct_05_physical_cruelty_animals|conduct_09_property_destruction|adhd_inatt_06_avoids_sustained_effort|adhd_inatt_07_loses_things|adhd_inatt_08_easily_distracted|conduct_01_bullies_threatens_intimidates|adhd_inatt_09_forgetful_daily_activities|conduct_04_physical_cruelty_people|conduct_06_steals_confronting_victim|conduct_07_forced_sex|conduct_08_fire_setting|conduct_12_steals_without_confrontation|conduct_15_truancy_before_13|gad_difficulty_controlling_worry|conduct_14_runs_away_overnight|conduct_13_stays_out_at_night_before_13|conduct_10_breaks_into_house_building_car|encopresis_event_frequency_per_month|gad_excessive_worry_multiple_areas|enuresis_event_frequency_per_week|dmdd_outbursts_severity|sep_anx_02_worry_losing_attachment_figures|sep_anx_01_distress_on_separation|sep_anx_04_refuses_leaving_home_school|social_anxiety_fear_being_observed|pdd_05_concentration_difficulty|sep_anx_03_worry_event_causing_separation|sep_anx_08_physical_complaints_on_separation|sep_anx_05_fear_being_alone_without_attachment|sep_anx_06_refuses_sleep_away_or_alone|social_anxiety_fear_interactions|pdd_01_appetite_change|social_anxiety_almost_always_triggered|social_anxiety_avoid_or_endure_intense|social_anxiety_fear_negative_evaluation,yes,yes,,0.2051960445576242,0.30946735298463196,0.17708333333333334,480,82,398,0.8470588235294118,0.8780487804878049,0.9673366834170855,0.9226927319524452,0.8622754491017964,0.9787044981002574,0.8580435913991299,0.04650110697156306,385,13,10,72
depression,caregiver,caregiver_full,depression__caregiver_full__hybrid_rf_max_real_metrics_v1__rf__same_inputs_v10,depression__caregiver_full__hybrid_rf_max_real_metrics_v1__rf__same_inputs_v10,C:\Users\andre\Documents\Workspace Academic\Backend Tesis\cognia_app_rf_max_real_metrics\models\active_modes\depression__caregiver_full__hybrid_rf_max_real_metrics_v1__rf__same_inputs_v10\pipeline.joblib,worktree_rf_max_real_metrics,0e1cb0deb684fd3587ddaca53284e58e824a3ccf9940d20bc066ac191ea598e2,0.4699999999999999,27,mdd_duration_weeks|mdd_impairment|mdd_02_loss_of_interest_or_pleasure|mdd_03_weight_or_appetite_change|mdd_09_death_or_suicidal_thoughts|mdd_07_worthlessness_or_excessive_guilt|dmdd_irritable_between_outbursts|pdd_duration_months_child|mdd_06_fatigue_or_low_energy|dmdd_outbursts_frequency_per_week|mdd_05_psychomotor_change|mdd_08_concentration_or_decision_difficulty|pdd_depressed_or_irritable_mood|dmdd_duration_months|pdd_01_appetite_change|pdd_impairment|dmdd_outbursts_severity|dmdd_onset_before_10|pdd_05_concentration_difficulty|pdd_06_hopelessness|pdd_03_low_energy|pdd_02_sleep_change|pdd_04_low_self_esteem|dmdd_context_school|dmdd_context_home|dmdd_context_peers|pdd_no_gap_gt_2_months,yes,yes,,0.17350190256244435,0.3290048262423082,0.18541666666666667,480,82,398,0.8089887640449438,0.8780487804878049,0.957286432160804,0.9176676063243044,0.8421052631578947,0.9747824488295134,0.8627960639110135,0.04158521288289829,381,17,10,72
depression,psychologist,psychologist_1_3,depression__psychologist_1_3__hybrid_final_rf_plus_maximize_metrics_v1__rf__same_inputs_v11,depression__psychologist_1_3__hybrid_final_rf_plus_maximize_metrics_v1__rf__same_inputs_v11,C:\Users\andre\Documents\Workspace Academic\Backend Tesis\cognia_app_final_rf_plus_maximize\models\active_modes\depression__psychologist_1_3__hybrid_final_rf_plus_maximize_metrics_v1__rf__same_inputs_v11\pipeline.joblib,worktree_final_rf_plus,706f67016605a80023b72cfc9c5f44cef5b89bd23735231178c354654563d565,0.4837963640515869,11,mdd_duration_weeks|mdd_impairment|pdd_duration_months_child|dmdd_irritable_between_outbursts|dmdd_outbursts_frequency_per_week|pdd_depressed_or_irritable_mood|dmdd_duration_months|pdd_impairment|dmdd_context_home|dmdd_context_school|dmdd_context_peers,yes,yes,,0.20523746427477035,0.3336903373668581,0.2,480,82,398,0.8020833333333334,0.9390243902439024,0.9522613065326633,0.9456428483882828,0.8651685393258427,0.9776320627527884,0.8626651727760357,0.0466243194907455,379,19,5,77
depression,psychologist,psychologist_2_3,depression__psychologist_2_3__hybrid_final_rf_plus_maximize_metrics_v1__rf__same_inputs_v11,depression__psychologist_2_3__hybrid_final_rf_plus_maximize_metrics_v1__rf__same_inputs_v11,C:\Users\andre\Documents\Workspace Academic\Backend Tesis\cognia_app_final_rf_plus_maximize\models\active_modes\depression__psychologist_2_3__hybrid_final_rf_plus_maximize_metrics_v1__rf__same_inputs_v11\pipeline.joblib,worktree_final_rf_plus,6c421138ce32a9a2158b91d7951e85d6da3a2f57515852a0e260992d868b5e98,0.57,83,mdd_duration_weeks|mdd_impairment|pdd_duration_months_child|mdd_01_depressed_or_irritable_mood|mdd_02_loss_of_interest_or_pleasure|pdd_depressed_or_irritable_mood|mdd_03_weight_or_appetite_change|mdd_09_death_or_suicidal_thoughts|mdd_05_psychomotor_change|mdd_06_fatigue_or_low_energy|mdd_08_concentration_or_decision_difficulty|dmdd_irritable_between_outbursts|mdd_04_sleep_change|mdd_07_worthlessness_or_excessive_guilt|dmdd_outbursts_frequency_per_week|dmdd_duration_months|adhd_hypimp_04_cannot_play_quietly|adhd_hypimp_02_leaves_seat|adhd_hypimp_01_fidgets|pdd_impairment|adhd_hypimp_03_runs_or_climbs_inappropriately|adhd_hypimp_05_driven_by_motor|adhd_hypimp_09_interrupts_intrudes|adhd_hypimp_06_talks_excessively|conduct_09_property_destruction|conduct_02_initiates_fights|adhd_hypimp_07_blurts_out|adhd_inatt_01_attention_to_detail_errors|adhd_hypimp_08_difficulty_waiting_turn|adhd_inatt_03_seems_not_listening|conduct_05_physical_cruelty_animals|adhd_inatt_02_sustained_attention_difficulty|conduct_11_lies_to_obtain_or_avoid|adhd_inatt_04_fails_to_finish_tasks|adhd_inatt_05_organization_difficulty|conduct_03_weapon_use|adhd_inatt_06_avoids_sustained_effort|adhd_inatt_07_loses_things|adhd_inatt_08_easily_distracted|conduct_01_bullies_threatens_intimidates|adhd_inatt_09_forgetful_daily_activities|conduct_04_physical_cruelty_people|conduct_06_steals_confronting_victim|conduct_08_fire_setting|conduct_07_forced_sex|conduct_12_steals_without_confrontation|conduct_15_truancy_before_13|gad_difficulty_controlling_worry|conduct_14_runs_away_overnight|conduct_10_breaks_into_house_building_car|dmdd_outbursts_severity|conduct_13_stays_out_at_night_before_13|encopresis_event_frequency_per_month|gad_excessive_worry_multiple_areas|enuresis_event_frequency_per_week|sep_anx_02_worry_losing_attachment_figures|sep_anx_01_distress_on_separation|sep_anx_04_refuses_leaving_home_school|social_anxiety_fear_being_observed|sep_anx_03_worry_event_causing_separation|sep_anx_05_fear_being_alone_without_attachment|sep_anx_08_physical_complaints_on_separation|sep_anx_06_refuses_sleep_away_or_alone|social_anxiety_fear_interactions|pdd_01_appetite_change|social_anxiety_almost_always_triggered|social_anxiety_fear_negative_evaluation|social_anxiety_avoid_or_endure_intense|sep_anx_07_separation_nightmares|gad_impairment|social_anxiety_fear_performance|conduct_impairment_global|agor_avoid_or_need_companion|agor_escape_help_cognition|adhd_impairment_school|gad_assoc_03_concentration_difficulty|agor_impairment|gad_assoc_01_restlessness|adhd_impairment_social|adhd_impairment_home|gad_assoc_04_irritability|gad_assoc_05_muscle_tension|pdd_05_concentration_difficulty,yes,yes,,0.22115576605706141,0.31899333429767585,0.175,480,82,398,0.8571428571428571,0.8780487804878049,0.9698492462311558,0.9239490133594803,0.8674698795180723,0.9788577031498958,0.8578131325823328,0.04890516671652412,386,12,10,72
depression,psychologist,psychologist_full,depression__psychologist_full__hybrid_rf_max_real_metrics_v1__rf__same_inputs_v10,depression__psychologist_full__hybrid_rf_max_real_metrics_v1__rf__same_inputs_v10,C:\Users\andre\Documents\Workspace Academic\Backend Tesis\cognia_app_rf_max_real_metrics\models\active_modes\depression__psychologist_full__hybrid_rf_max_real_metrics_v1__rf__same_inputs_v10\pipeline.joblib,worktree_rf_max_real_metrics,412763146b3ae2d022572942c1c2b125c9baabd5f5509d942efe0309b594c821,0.3627106869338548,150,adhd_context_home|adhd_context_other|adhd_context_school|adhd_hypimp_01_fidgets|adhd_hypimp_02_leaves_seat|adhd_hypimp_03_runs_or_climbs_inappropriately|adhd_hypimp_04_cannot_play_quietly|adhd_hypimp_05_driven_by_motor|adhd_hypimp_06_talks_excessively|adhd_hypimp_07_blurts_out|adhd_hypimp_08_difficulty_waiting_turn|adhd_hypimp_09_interrupts_intrudes|adhd_impairment_home|adhd_impairment_school|adhd_impairment_social|adhd_inatt_01_attention_to_detail_errors|adhd_inatt_02_sustained_attention_difficulty|adhd_inatt_03_seems_not_listening|adhd_inatt_04_fails_to_finish_tasks|adhd_inatt_05_organization_difficulty|adhd_inatt_06_avoids_sustained_effort|adhd_inatt_07_loses_things|adhd_inatt_08_easily_distracted|adhd_inatt_09_forgetful_daily_activities|adhd_not_better_explained_other_mental|adhd_not_psychosis_exclusive|adhd_onset_before_12|age_years|agor_almost_always_triggered|agor_avoid_or_need_companion|agor_disproportionate|agor_duration_months|agor_escape_help_cognition|agor_fear_01_public_transport|agor_fear_02_open_spaces|agor_fear_03_enclosed_spaces|agor_fear_04_crowds_queues|agor_fear_05_outside_home_alone|agor_impairment|agor_not_better_explained|agor_not_excessive_due_medical|conduct_01_bullies_threatens_intimidates|conduct_02_initiates_fights|conduct_03_weapon_use|conduct_04_physical_cruelty_people|conduct_05_physical_cruelty_animals|conduct_06_steals_confronting_victim|conduct_07_forced_sex|conduct_08_fire_setting|conduct_09_property_destruction|conduct_10_breaks_into_house_building_car|conduct_11_lies_to_obtain_or_avoid|conduct_12_steals_without_confrontation|conduct_13_stays_out_at_night_before_13|conduct_14_runs_away_overnight|conduct_15_truancy_before_13|conduct_impairment_global|conduct_lpe_01_lack_remorse_guilt|conduct_lpe_02_callous_lack_empathy|conduct_lpe_03_unconcerned_performance|conduct_lpe_04_shallow_deficient_affect|conduct_no_antisocial_personality_if_18plus|conduct_onset_before_10|dmdd_context_home|dmdd_context_peers|dmdd_context_school|dmdd_developmentally_inappropriate|dmdd_duration_months|dmdd_irritable_between_outbursts|dmdd_no_mania_hypomania|dmdd_no_substance_medical|dmdd_not_better_explained|dmdd_onset_before_10|dmdd_outbursts_frequency_per_week|dmdd_outbursts_severity|encopresis_constipation_present|encopresis_duration_months_consecutive|encopresis_event_frequency_per_month|encopresis_not_due_substance_medical|encopresis_overflow_incontinence|encopresis_visible_deposition_pattern|enuresis_distress_impairment|enuresis_diurnal|enuresis_duration_months_consecutive|enuresis_event_frequency_per_week|enuresis_nocturnal|enuresis_not_due_substance_medical|enuresis_primary_course|enuresis_secondary_course|gad_assoc_01_restlessness|gad_assoc_02_fatigue|gad_assoc_03_concentration_difficulty|gad_assoc_04_irritability|gad_assoc_05_muscle_tension|gad_assoc_06_sleep_problems|gad_difficulty_controlling_worry|gad_duration_months|gad_excessive_worry_multiple_areas|gad_impairment|gad_not_better_explained|gad_not_due_substance_medical|mdd_01_depressed_or_irritable_mood|mdd_02_loss_of_interest_or_pleasure|mdd_03_weight_or_appetite_change|mdd_04_sleep_change|mdd_05_psychomotor_change|mdd_06_fatigue_or_low_energy|mdd_07_worthlessness_or_excessive_guilt|mdd_08_concentration_or_decision_difficulty|mdd_09_death_or_suicidal_thoughts|mdd_duration_weeks|mdd_no_mania_hypomania_history|mdd_not_due_substance_medical|mdd_not_psychotic_explained|pdd_01_appetite_change|pdd_02_sleep_change|pdd_03_low_energy|pdd_04_low_self_esteem|pdd_05_concentration_difficulty|pdd_06_hopelessness|pdd_depressed_or_irritable_mood|pdd_duration_months_child|pdd_impairment|pdd_no_gap_gt_2_months|pdd_no_mania_hypomania|pdd_no_psychotic_explained|pdd_no_substance_medical|sep_anx_01_distress_on_separation|sep_anx_02_worry_losing_attachment_figures|sep_anx_03_worry_event_causing_separation|sep_anx_04_refuses_leaving_home_school|sep_anx_05_fear_being_alone_without_attachment|sep_anx_06_refuses_sleep_away_or_alone|sep_anx_07_separation_nightmares|sep_anx_08_physical_complaints_on_separation|sep_anx_duration_weeks|sep_anx_impairment|sep_anx_not_better_explained|social_anxiety_almost_always_triggered|social_anxiety_avoid_or_endure_intense|social_anxiety_children_peer_only_flag|social_anxiety_disproportionate|social_anxiety_duration_months|social_anxiety_fear_being_observed|social_anxiety_fear_interactions|social_anxiety_fear_negative_evaluation|social_anxiety_fear_performance|social_anxiety_impairment|social_anxiety_not_better_explained|social_anxiety_not_due_substance_medical,yes,yes,,0.17220218780679805,0.3003969959941074,0.19375,480,82,398,0.7849462365591398,0.8902439024390244,0.949748743718593,0.9199963230788086,0.8342857142857143,0.9717183478367446,0.8245791776503679,0.048751643442085275,378,20,9,73
elimination,caregiver,caregiver_1_3,elimination__caregiver_1_3__hybrid_elimination_v14_real_anti_clone_rescue__rf__same_inputs_v13,elimination__caregiver_1_3__hybrid_elimination_v14_real_anti_clone_rescue__rf__same_inputs_v13,C:\Users\andre\Documents\Workspace Academic\Backend Tesis\cognia_app_elimination_v14_fix\models\active_modes\elimination__caregiver_1_3__hybrid_elimination_v14_real_anti_clone_rescue__rf__same_inputs_v13\pipeline.joblib,worktree_elimination_v14_fix,875f580c639c265b9db60a0fc75cfcd86cdfba7da5135d6616df09e3d84e2f1b,0.7621616091094605,4,enuresis_event_frequency_per_week|enuresis_distress_impairment|enuresis_duration_months_consecutive|encopresis_event_frequency_per_month,yes,yes,,0.3095360173825576,0.20319093155498627,0.11458333333333333,480,52,428,0.8363636363636363,0.8846153846153846,0.9789719626168224,0.9317936736161034,0.8598130841121495,0.9567307692307693,0.8932926272751122,0.0728182623595568,419,9,6,46
elimination,caregiver,caregiver_2_3,elimination__caregiver_2_3__hybrid_elimination_v14_real_anti_clone_rescue__rf__same_inputs_v13,elimination__caregiver_2_3__hybrid_elimination_v14_real_anti_clone_rescue__rf__same_inputs_v13,C:\Users\andre\Documents\Workspace Academic\Backend Tesis\cognia_app_elimination_v14_fix\models\active_modes\elimination__caregiver_2_3__hybrid_elimination_v14_real_anti_clone_rescue__rf__same_inputs_v13\pipeline.joblib,worktree_elimination_v14_fix,ecdd3ac53d8f382961b6b666a3e3682b1b465d3e0d7d8339ba49a48bfaf8d106,0.5601072169221989,7,enuresis_distress_impairment|enuresis_duration_months_consecutive|encopresis_event_frequency_per_month|enuresis_nocturnal|enuresis_primary_course|encopresis_duration_months_consecutive|encopresis_constipation_present,yes,yes,,0.3893311669286047,0.12158485031908867,0.13333333333333333,480,52,428,0.734375,0.9038461538461539,0.9602803738317757,0.9320632638389648,0.8103448275862069,0.9508896477354422,0.8606195074052196,0.1285448510648098,411,17,5,47
elimination,caregiver,caregiver_full,elimination__caregiver_full__hybrid_elimination_v15_caregiver_full_metric_rescue__rf__same_inputs_v14,elimination__caregiver_full__hybrid_elimination_v15_caregiver_full_metric_rescue__rf__same_inputs_v14,models/active_modes/elimination__caregiver_full__hybrid_elimination_v15_caregiver_full_metric_rescue__rf__same_inputs_v14/pipeline.joblib,current_repo_v15,2cba0debeb71bdb869cc9392d09e7939fc388e1996568d54471c408a6267e551,0.7499999999999999,9,enuresis_duration_months_consecutive|encopresis_event_frequency_per_month|enuresis_nocturnal|enuresis_primary_course|encopresis_duration_months_consecutive|encopresis_constipation_present|enuresis_diurnal|encopresis_visible_deposition_pattern|enuresis_secondary_course,yes,yes,,0.11204265454384264,0.2676544599627288,0.13541666666666666,480,52,428,0.7384615384615385,0.9230769230769231,0.9602803738317757,0.9416786484543493,0.8205128205128205,0.9792640186915887,0.7475032983542711,0.029669213987851193,411,17,4,48
elimination,psychologist,psychologist_1_3,elimination__psychologist_1_3__hybrid_elimination_v14_real_anti_clone_rescue__rf__same_inputs_v13,elimination__psychologist_1_3__hybrid_elimination_v14_real_anti_clone_rescue__rf__same_inputs_v13,C:\Users\andre\Documents\Workspace Academic\Backend Tesis\cognia_app_elimination_v14_fix\models\active_modes\elimination__psychologist_1_3__hybrid_elimination_v14_real_anti_clone_rescue__rf__same_inputs_v13\pipeline.joblib,worktree_elimination_v14_fix,85ed5a9ff99db9f6fab3c3c16847cf1c2980ac83b44b05bc780443acca612c22,0.2799999999999999,5,enuresis_duration_months_consecutive|encopresis_event_frequency_per_month|enuresis_nocturnal|enuresis_primary_course|encopresis_duration_months_consecutive,yes,yes,,0.10984935155221237,0.26555928261245787,0.14375,480,52,428,0.7246376811594203,0.9615384615384616,0.955607476635514,0.9585729690869877,0.8264462809917356,0.9772196261682243,0.7274331146368022,0.03080118047908858,409,19,2,50
elimination,psychologist,psychologist_2_3,elimination__psychologist_2_3__hybrid_elimination_v14_real_anti_clone_rescue__rf__same_inputs_v13,elimination__psychologist_2_3__hybrid_elimination_v14_real_anti_clone_rescue__rf__same_inputs_v13,C:\Users\andre\Documents\Workspace Academic\Backend Tesis\cognia_app_elimination_v14_fix\models\active_modes\elimination__psychologist_2_3__hybrid_elimination_v14_real_anti_clone_rescue__rf__same_inputs_v13\pipeline.joblib,worktree_elimination_v14_fix,b37422449feb65bcb3fa5822c91f67f3d4380b786b14417e3f256700d6efd348,0.6599999999999999,9,enuresis_duration_months_consecutive|encopresis_event_frequency_per_month|enuresis_nocturnal|enuresis_primary_course|encopresis_duration_months_consecutive|enuresis_not_due_substance_medical|encopresis_not_due_substance_medical|encopresis_constipation_present|enuresis_diurnal,yes,yes,,0.14941584892043805,0.3272281598108527,0.14166666666666666,480,52,428,0.7352941176470589,0.9615384615384616,0.9579439252336449,0.9597411933860532,0.8333333333333334,0.9776464773544212,0.6970361089101744,0.03625781718024713,410,18,2,50
elimination,psychologist,psychologist_full,elimination__psychologist_full__hybrid_elimination_v14_real_anti_clone_rescue__rf__same_inputs_v13,elimination__psychologist_full__hybrid_elimination_v14_real_anti_clone_rescue__rf__same_inputs_v13,C:\Users\andre\Documents\Workspace Academic\Backend Tesis\cognia_app_elimination_v14_fix\models\active_modes\elimination__psychologist_full__hybrid_elimination_v14_real_anti_clone_rescue__rf__same_inputs_v13\pipeline.joblib,worktree_elimination_v14_fix,395664dddfd26b414f694557eb9211b33d1ab2c41b109ad0745c9a68035d2476,0.5249999999999999,12,enuresis_duration_months_consecutive|encopresis_event_frequency_per_month|enuresis_nocturnal|enuresis_primary_course|encopresis_duration_months_consecutive|enuresis_not_due_substance_medical|encopresis_not_due_substance_medical|encopresis_constipation_present|enuresis_diurnal|encopresis_overflow_incontinence|encopresis_visible_deposition_pattern|enuresis_secondary_course,yes,yes,,0.11212985231995794,0.269314448815731,0.14166666666666666,480,52,428,0.7352941176470589,0.9615384615384616,0.9579439252336449,0.9597411933860532,0.8333333333333334,0.979286484543494,0.7751446646892465,0.029570457099249454,410,18,2,50
